Title,Document Number,Version,Date,Description,Category,Sub Category,File
NWC OT AD Security Groups,HQ_AD_HQOTADM01_SecurityGroups,0,28-Feb-22,,Evidence,,HQ_AD_HQOTADM01_SecurityGroups.PNG
NWC OT AD Security Group of SFTP User,HQ_HQOTADM12_AD_SFTP_Users,0,28-Feb-22,,Evidence,,HQ_HQOTADM12_AD_SFTP_Users.PNG
NWC OT SFTP Web Interface,HQ_HQOTADM12_SFTP_WebInterface,0,28-Feb-22,,Evidence,,HQ_HQOTADM12_SFTP_WebInterface.PNG
NWC OT SFTP Web Interface_1,HQ_HQOTADM12_SFTP_WebInterface_1,0,28-Feb-22,,Evidence,,HQ_HQOTADM12_SFTP_WebInterface_1.PNG
NWC OT SFTP Synchronizer,HQ_HQOTADM12_SFTPSynchronizer,0,28-Feb-22,,Evidence,,HQ_HQOTADM12_SFTPSynchronizer.PNG
NWC OT SIEM Integration - SyslogServer,HQ_HQOTADM12_SIEM_SyslogServer,0,28-Feb-22,,Evidence,,HQ_HQOTADM12_SIEM_SyslogServer.PNG
NWC OT SIEM Integration - WinCollector and QRadar Interface,HQ_HQOTADM12_SIEM_Wincollector_QRadarInterface,0,28-Feb-22,,Evidence,,HQ_HQOTADM12_SIEM_Wincollector_QRadarInterface.PNG
NWC OT SIEM Integration - WinCollector - Windows Events,HQ_HQOTADM12_SIEM_Wincollector_WindowsEvents,0,28-Feb-22,,Evidence,,HQ_HQOTADM12_SIEM_Wincollector_WindowsEvents.PNG
NWC OT SIEM Integration - Windows Event Subscription,HQ_HQOTADM12_SIEM_WindowsEventsSubscriptions,0,28-Feb-22,,Evidence,,HQ_HQOTADM12_SIEM_WindowsEventsSubscriptions.PNG
NWC OT SIEM Integration - Windows Event Subscription_1,HQ_HQOTADM12_SIEM_WindowsEventsSubscriptions_1,0,28-Feb-22,,Evidence,,HQ_HQOTADM12_SIEM_WindowsEventsSubscriptions_1.PNG
NWC OT SIEM Integration - Windows Event Subscription_2,HQ_HQOTADM12_SIEM_WindowsEventsSubscriptions_3,0,28-Feb-22,,Evidence,,HQ_HQOTADM12_SIEM_WindowsEventsSubscriptions_3.PNG
NWC OT SIEM Integration - Windows Event Subscription_3,HQ_HQOTADM12_SIEM_WindowsEventsSubscriptions_4,0,28-Feb-22,,Evidence,,HQ_HQOTADM12_SIEM_WindowsEventsSubscriptions_4.PNG
NWC OT SIEM Integration - Windows Event Subscription_4,HQ_HQOTADM12_SIEM_WindowsEventsSubscriptions_5,0,28-Feb-22,,Evidence,,HQ_HQOTADM12_SIEM_WindowsEventsSubscriptions_5.PNG
NWC OT SIEM Integration - Windows Event Subscription_5,HQ_HQOTADM12_SIEM_WindowsEventsSubscriptions_6,0,28-Feb-22,,Evidence,,HQ_HQOTADM12_SIEM_WindowsEventsSubscriptions_6.PNG
NWC OT SIEM Integration - Panorama Interface,HQ_HQOTADM21_SIEM_PANInterface,0,28-Feb-22,,Evidence,,HQ_HQOTADM21_SIEM_PANInterface.PNG
NWC OT CMC Asset Exports,HQ_HQOTADM22_CMC_export_assets_1_20211114121215,0,28-Feb-22,,Evidence,,HQ_HQOTADM22_CMC_export_assets_1_20211114121215.csv
NWC OT CMC Asset Exports_1,HQ_HQOTADM22_CMC_export_assets_1_20211114125316,0,28-Feb-22,,Evidence,,HQ_HQOTADM22_CMC_export_assets_1_20211114125316.csv
NWC OT SIEM Integration - CMC and QRadar Interface,HQ_HQOTADM22_SIEM_CMC-SIEMInterface,0,28-Feb-22,,Evidence,,HQ_HQOTADM22_SIEM_CMC-SIEMInterface.PNG
JCBU AK3 AD AK3SERVER1 GPOs Applied,JCBU_AK3_AD_AK3SERVER1_GPOs_Applied,0,28-Feb-22,,Evidence,,JCBU_AK3_AD_AK3SERVER1_GPOs_Applied.PNG
JCBU AK3 AD AK3SERVER1 Joined,JCBU_AK3_AD_AK3SERVER1_Joined,0,28-Feb-22,,Evidence,,JCBU_AK3_AD_AK3SERVER1_Joined.PNG
JCBU AK3 EPP Exported Systems,JCBU_AK3_EPP_Exported_Systems,0,28-Feb-22,,Evidence,,JCBU_AK3_EPP_Exported_Systems.pdf
JCBU AK3 EPP McAfee Agent,JCBU_AK3_EPP_McAfee_Agent,0,28-Feb-22,,Evidence,,JCBU_AK3_EPP_McAfee_Agent.PNG
JCBU AK3 EPP McAfee Products,JCBU_AK3_EPP_McAfee_Products,0,28-Feb-22,,Evidence,,JCBU_AK3_EPP_McAfee_Products.PNG
JCBU AK3 FW JD-AK-3-OT-FW-01 FW Licenses,JCBU_AK3_FW_JD-AK-3-OT-FW-01_FW_Licenses,0,28-Feb-22,,Evidence,,JCBU_AK3_FW_JD-AK-3-OT-FW-01_FW_Licenses.PNG
JCBU AK3 FW JD-AK-3-OT-FW-01 FW PAN,JCBU_AK3_FW_JD-AK-3-OT-FW-01_FW_PAN,0,28-Feb-22,,Evidence,,JCBU_AK3_FW_JD-AK-3-OT-FW-01_FW_PAN.PNG
JCBU AK3 FW JD-AK-3-OT-FW-01 FW Zones,JCBU_AK3_FW_JD-AK-3-OT-FW-01_FW_Zones,0,28-Feb-22,,Evidence,,JCBU_AK3_FW_JD-AK-3-OT-FW-01_FW_Zones.PNG
JCBU AK3 FW JD-AK-3-OT-FW-01 IPSec Tunnels,JCBU_AK3_FW_JD-AK-3-OT-FW-01_IPSec Tunnels,0,28-Feb-22,,Evidence,,JCBU_AK3_FW_JD-AK-3-OT-FW-01_IPSec Tunnels.PNG
JCBU AK3 JD-AK-3-OT-SW-01 Ports,JCBU_AK3_JD-AK-3-OT-SW-01_Ports,0,28-Feb-22,,Evidence,,JCBU_AK3_JD-AK-3-OT-SW-01_Ports.PNG
JCBU AK3 RDG AK3SERVER1 GPO Applied,JCBU_AK3_RDG_AK3SERVER1_GPO_Applied,0,28-Feb-22,,Evidence,,JCBU_AK3_RDG_AK3SERVER1_GPO_Applied.PNG
JCBU AK3 VMD JD-AK-3-OT-VMD-01 AD Integration,JCBU_AK3_VMD_JD-AK-3-OT-VMD-01_AD Integration,0,28-Feb-22,,Evidence,,JCBU_AK3_VMD_JD-AK-3-OT-VMD-01_AD Integration.PNG
JCBU AK3 VMD JD-AK-3-OT-VMD-01 Assets,JCBU_AK3_VMD_JD-AK-3-OT-VMD-01_Assets,0,28-Feb-22,,Evidence,,JCBU_AK3_VMD_JD-AK-3-OT-VMD-01_Assets.PNG
JCBU AK3 VMD JD-AK-3-OT-VMD-01 CMC Connection,JCBU_AK3_VMD_JD-AK-3-OT-VMD-01_CMC Connection,0,28-Feb-22,,Evidence,,JCBU_AK3_VMD_JD-AK-3-OT-VMD-01_CMC Connection.PNG
JCBU AK3 VMD JD-AK-3-OT-VMD-01 License,JCBU_AK3_VMD_JD-AK-3-OT-VMD-01_License,0,28-Feb-22,,Evidence,,JCBU_AK3_VMD_JD-AK-3-OT-VMD-01_License.PNG
JCBU AK3 WSUS AK3SERVER1 GPO Applied,JCBU_AK3_WSUS_AK3SERVER1_GPO_Applied,0,28-Feb-22,,Evidence,,JCBU_AK3_WSUS_AK3SERVER1_GPO_Applied.PNG
JCBU BM-PH2 EPP Exported Systems,JCBU_BM-PH2_EPP_Exported_Systems,0,28-Feb-22,,Evidence,,JCBU_BM-PH2_EPP_Exported_Systems.pdf
JCBU BM-PH2 VMD JD-BM-PH2-OT-VMD-01 AD Integration,JCBU_BM-PH2_VMD_JD-BM-PH2-OT-VMD-01_AD Integration,0,28-Feb-22,,Evidence,,JCBU_BM-PH2_VMD_JD-BM-PH2-OT-VMD-01_AD Integration.PNG
JCBU BM-PH2 VMD JD-BM-PH2-OT-VMD-01 CMC Connection,JCBU_BM-PH2_VMD_JD-BM-PH2-OT-VMD-01_CMC Connection,0,28-Feb-22,,Evidence,,JCBU_BM-PH2_VMD_JD-BM-PH2-OT-VMD-01_CMC Connection.PNG
JCBU BM-PH2 VMD JD-BM-PH2-OT-VMD-01 Computer Assets,JCBU_BM-PH2_VMD_JD-BM-PH2-OT-VMD-01_Computer Assets,0,28-Feb-22,,Evidence,,JCBU_BM-PH2_VMD_JD-BM-PH2-OT-VMD-01_Computer Assets.PNG
JCBU BM-PH2 VMD JD-BM-PH2-OT-VMD-01 L1 Devices,JCBU_BM-PH2_VMD_JD-BM-PH2-OT-VMD-01_L1 Devices,0,28-Feb-22,,Evidence,,JCBU_BM-PH2_VMD_JD-BM-PH2-OT-VMD-01_L1 Devices.PNG
JCBU BM-PH2 VMD JD-BM-PH2-OT-VMD-01 Licenses,JCBU_BM-PH2_VMD_JD-BM-PH2-OT-VMD-01_Licenses,0,28-Feb-22,,Evidence,,JCBU_BM-PH2_VMD_JD-BM-PH2-OT-VMD-01_Licenses.PNG
JCBU BM-PH2 VMD JD-BM-PH2-OT-VMD-01 Network devices,JCBU_BM-PH2_VMD_JD-BM-PH2-OT-VMD-01_Network devices,0,28-Feb-22,,Evidence,,JCBU_BM-PH2_VMD_JD-BM-PH2-OT-VMD-01_Network devices.PNG
JCBU BM-PH2 WSUS JDOTFASADM02,JCBU_BM-PH2_WSUS_JDOTFASADM02,0,28-Feb-22,,Evidence,,JCBU_BM-PH2_WSUS_JDOTFASADM02.PNG
JCBU FAS AD JDOTFASADM01 DNS,JCBU_FAS_AD_JDOTFASADM01_DNS,0,28-Feb-22,,Evidence,,JCBU_FAS_AD_JDOTFASADM01_DNS.PNG
JCBU FAS AD JDOTFASADM01 DNS 1,JCBU_FAS_AD_JDOTFASADM01_DNS_1,0,28-Feb-22,,Evidence,,JCBU_FAS_AD_JDOTFASADM01_DNS_1.PNG
JCBU FAS AD JDOTFASADM01 GPOs Applied,JCBU_FAS_AD_JDOTFASADM01_GPOs_Applied,0,28-Feb-22,,Evidence,,JCBU_FAS_AD_JDOTFASADM01_GPOs_Applied.PNG
JCBU FAS AD JDOTFASADM01 SCADA Servers Joined,JCBU_FAS_AD_JDOTFASADM01_SCADA_Servers_Joined,0,28-Feb-22,,Evidence,,JCBU_FAS_AD_JDOTFASADM01_SCADA_Servers_Joined.PNG
JCBU FAS AD JDOTFASADM01 SCADA Servers Joined 1,JCBU_FAS_AD_JDOTFASADM01_SCADA_Servers_Joined_1,0,28-Feb-22,,Evidence,,JCBU_FAS_AD_JDOTFASADM01_SCADA_Servers_Joined_1.PNG
JCBU FAS AD JDOTFASADM02 GPOs Applied,JCBU_FAS_AD_JDOTFASADM02_GPOs_Applied,0,28-Feb-22,,Evidence,,JCBU_FAS_AD_JDOTFASADM02_GPOs_Applied.PNG
JCBU FAS AD JDOTFASADM02 WSUS,JCBU_FAS_AD_JDOTFASADM02_WSUS,0,28-Feb-22,,Evidence,,JCBU_FAS_AD_JDOTFASADM02_WSUS.PNG
JCBU FAS AD JDOTFASADMO2 GPOs Applied,JCBU_FAS_AD_JDOTFASADMO2_GPOs_Applied,0,28-Feb-22,,Evidence,,JCBU_FAS_AD_JDOTFASADMO2_GPOs_Applied.PNG
JCBU FAS AD JDOTFASADMO2 Joined,JCBU_FAS_AD_JDOTFASADMO2_Joined,0,28-Feb-22,,Evidence,,JCBU_FAS_AD_JDOTFASADMO2_Joined.PNG
JCBU FAS AD JPROSCDGR0001 Joined,JCBU_FAS_AD_JPROSCDGR0001_Joined,0,28-Feb-22,,Evidence,,JCBU_FAS_AD_JPROSCDGR0001_Joined.PNG
JCBU FAS EPP McAfee Agent,JCBU_FAS_EPP_McAfee_Agent,0,28-Feb-22,,Evidence,,JCBU_FAS_EPP_McAfee_Agent.PNG
JCBU FAS EPP McAfee Exported Systems,JCBU_FAS_EPP_McAfee_Exported_Systems,0,28-Feb-22,,Evidence,,JCBU_FAS_EPP_McAfee_Exported_Systems.pdf
JCBU FAS EPP McAfee Products,JCBU_FAS_EPP_McAfee_Products,0,28-Feb-22,,Evidence,,JCBU_FAS_EPP_McAfee_Products.PNG
JCBU FAS FW JD-FAS-OT-FW-01 02 IPSec Tunnels,JCBU_FAS_FW_JD-FAS-OT-FW-01_02_IPSec Tunnels,0,28-Feb-22,,Evidence,,JCBU_FAS_FW_JD-FAS-OT-FW-01_02_IPSec Tunnels.PNG
JCBU FAS FW JD-FAS-OT-FW-01 02 PAN,JCBU_FAS_FW_JD-FAS-OT-FW-01_02_PAN,0,28-Feb-22,,Evidence,,JCBU_FAS_FW_JD-FAS-OT-FW-01_02_PAN.PNG
JCBU FAS FW JD-FAS-OT-FW-01 02 Policies,JCBU_FAS_FW_JD-FAS-OT-FW-01_02_Policies,0,28-Feb-22,,Evidence,,JCBU_FAS_FW_JD-FAS-OT-FW-01_02_Policies.PNG
JCBU FAS FW JD-FAS-OT-FW-01 02 Zones,JCBU_FAS_FW_JD-FAS-OT-FW-01_02_Zones,0,28-Feb-22,,Evidence,,JCBU_FAS_FW_JD-FAS-OT-FW-01_02_Zones.PNG
JCBU FAS JDOTFASADM02 WSUS,JCBU_FAS_JDOTFASADM02_WSUS,0,28-Feb-22,,Evidence,,JCBU_FAS_JDOTFASADM02_WSUS.PNG
JCBU FAS NW NWSW JD-FAS-OT-SW-01 Ports,JCBU_FAS_NW_NWSW_JD-FAS-OT-SW-01_Ports,0,28-Feb-22,,Evidence,,JCBU_FAS_NW_NWSW_JD-FAS-OT-SW-01_Ports.PNG
JCBU FAS VIR JDOTFASADM01 VMConfig,JCBU_FAS_VIR_JDOTFASADM01_VMConfig,0,28-Feb-22,,Evidence,,JCBU_FAS_VIR_JDOTFASADM01_VMConfig.PNG
JCBU FAS VIR JDOTFASADM02 VMConfig,JCBU_FAS_VIR_JDOTFASADM02_VMConfig,0,28-Feb-22,,Evidence,,JCBU_FAS_VIR_JDOTFASADM02_VMConfig.PNG
JCBU FAS VMD JD-FAS-OT-VMD-01 AD Integration,JCBU_FAS_VMD_JD-FAS-OT-VMD-01_AD Integration,0,28-Feb-22,,Evidence,,JCBU_FAS_VMD_JD-FAS-OT-VMD-01_AD Integration.PNG
JCBU FAS VMD JD-FAS-OT-VMD-01 CMC Connection,JCBU_FAS_VMD_JD-FAS-OT-VMD-01_CMC Connection,0,28-Feb-22,,Evidence,,JCBU_FAS_VMD_JD-FAS-OT-VMD-01_CMC Connection.PNG
JCBU FAS VMD JD-FAS-OT-VMD-01 Computers,JCBU_FAS_VMD_JD-FAS-OT-VMD-01_Computers,0,28-Feb-22,,Evidence,,JCBU_FAS_VMD_JD-FAS-OT-VMD-01_Computers.PNG
JCBU FAS VMD JD-FAS-OT-VMD-01 L1 Devices,JCBU_FAS_VMD_JD-FAS-OT-VMD-01_L1 Devices,0,28-Feb-22,,Evidence,,JCBU_FAS_VMD_JD-FAS-OT-VMD-01_L1 Devices.PNG
JCBU FAS VMD JD-FAS-OT-VMD-01 Licenses,JCBU_FAS_VMD_JD-FAS-OT-VMD-01_Licenses,0,28-Feb-22,,Evidence,,JCBU_FAS_VMD_JD-FAS-OT-VMD-01_Licenses.PNG
JCBU FAS VMD JD-FAS-OT-VMD-01 Network Devices,JCBU_FAS_VMD_JD-FAS-OT-VMD-01_Network Devices,0,28-Feb-22,,Evidence,,JCBU_FAS_VMD_JD-FAS-OT-VMD-01_Network Devices.PNG
JCBU FAS VMD JD-PSB-OT-VMD-01 AD Integration,JCBU_FAS_VMD_JD-PSB-OT-VMD-01_AD_Integration,0,28-Feb-22,,Evidence,,JCBU_FAS_VMD_JD-PSB-OT-VMD-01_AD_Integration.PNG
JCBU FAS VMD JD-PSB-OT-VMD-01 CMC Connection,JCBU_FAS_VMD_JD-PSB-OT-VMD-01_CMC Connection,0,28-Feb-22,,Evidence,,JCBU_FAS_VMD_JD-PSB-OT-VMD-01_CMC Connection.PNG
JCBU FAS VMD JD-PSB-OT-VMD-01 Computers,JCBU_FAS_VMD_JD-PSB-OT-VMD-01_Computers,0,28-Feb-22,,Evidence,,JCBU_FAS_VMD_JD-PSB-OT-VMD-01_Computers.PNG
JCBU FAS VMD JD-PSB-OT-VMD-01 Network Devices,JCBU_FAS_VMD_JD-PSB-OT-VMD-01_Network Devices,0,28-Feb-22,,Evidence,,JCBU_FAS_VMD_JD-PSB-OT-VMD-01_Network Devices.PNG
JCBU PSB AD JDOTFASADM02 RDG GPO Applied,JCBU_PSB_AD_JDOTFASADM02_RDG_GPO_Applied,0,28-Feb-22,,Evidence,,JCBU_PSB_AD_JDOTFASADM02_RDG_GPO_Applied.PNG
JCBU PSB AD JPROSCDEWS003 GPOs Applied,JCBU_PSB_AD_JPROSCDEWS003_GPOs_Applied,0,28-Feb-22,,Evidence,,JCBU_PSB_AD_JPROSCDEWS003_GPOs_Applied.PNG
JCBU PSB AD JPROSCDEWS003 Joined,JCBU_PSB_AD_JPROSCDEWS003_Joined,0,28-Feb-22,,Evidence,,JCBU_PSB_AD_JPROSCDEWS003_Joined.PNG
JCBU PSB AD JPROSCDEWS003 WSUS GPOs Applied,JCBU_PSB_AD_JPROSCDEWS003_WSUS_GPOs_Applied,0,28-Feb-22,,Evidence,,JCBU_PSB_AD_JPROSCDEWS003_WSUS_GPOs_Applied.PNG
JCBU PSB EPP Exported Systems,JCBU_PSB_EPP_Exported_Systems,0,28-Feb-22,,Evidence,,JCBU_PSB_EPP_Exported_Systems.pdf
JCBU PSB EPP McAfee Agent,JCBU_PSB_EPP_McAfee_Agent,0,28-Feb-22,,Evidence,,JCBU_PSB_EPP_McAfee_Agent.PNG
JCBU PSB EPP McAfee DLP,JCBU_PSB_EPP_McAfee_DLP,0,28-Feb-22,,Evidence,,JCBU_PSB_EPP_McAfee_DLP.PNG
JCBU PSB EPP McAfee Products,JCBU_PSB_EPP_McAfee_Products,0,28-Feb-22,,Evidence,,JCBU_PSB_EPP_McAfee_Products.PNG
JCBU PSB FW JD-PSB-OT-FW-01 PAN,JCBU_PSB_FW_JD-PSB-OT-FW-01_PAN,0,28-Feb-22,,Evidence,,JCBU_PSB_FW_JD-PSB-OT-FW-01_PAN.PNG
JCBU PSB FW JD-PSB-OT-FW-01 Zones,JCBU_PSB_FW_JD-PSB-OT-FW-01_Zones,0,28-Feb-22,,Evidence,,JCBU_PSB_FW_JD-PSB-OT-FW-01_Zones.PNG
JCBU PSB FW-JD-PSB-OT-FW-01 IPSec Tunnels,JCBU_PSB_FW-JD-PSB-OT-FW-01_IPSec Tunnels,0,28-Feb-22,,Evidence,,JCBU_PSB_FW-JD-PSB-OT-FW-01_IPSec Tunnels.PNG
JCBU PSB NW JD-PSB-OT-SW-01 Ports,JCBU_PSB_NW_JD-PSB-OT-SW-01_Ports,0,28-Feb-22,,Evidence,,JCBU_PSB_NW_JD-PSB-OT-SW-01_Ports.PNG
JCBU PSB NW JD-PSB-OT-SW-02 Ports,JCBU_PSB_NW_JD-PSB-OT-SW-02_Ports,0,28-Feb-22,,Evidence,,JCBU_PSB_NW_JD-PSB-OT-SW-02_Ports.PNG
JCBU PSB NW JD-PSB-OT-SW-03 Ports,JCBU_PSB_NW_JD-PSB-OT-SW-03_Ports,0,28-Feb-22,,Evidence,,JCBU_PSB_NW_JD-PSB-OT-SW-03_Ports.PNG
RCBU BWB-WTP AD GPOs Applied,RCBU_BWB-WTP_AD_GPOs_Applied,0,28-Feb-22,,Evidence,,RCBU_BWB-WTP_AD_GPOs_Applied.PNG
RCBU BWB-WTP AD OWS,RCBU_BWB-WTP_AD_OWS,0,28-Feb-22,,Evidence,,RCBU_BWB-WTP_AD_OWS.PNG
RCBU BWB-WTP AD RDG GPO Applied,RCBU_BWB-WTP_AD_RDG_GPO_Applied,0,28-Feb-22,,Evidence,,RCBU_BWB-WTP_AD_RDG_GPO_Applied.PNG
RCBU BWB-WTP AD RPROBWBSCDINSQL Joined (2),RCBU_BWB-WTP_AD_RPROBWBSCDINSQL_Joined (2),0,28-Feb-22,,Evidence,,RCBU_BWB-WTP_AD_RPROBWBSCDINSQL_Joined (2).PNG
RCBU BWB-WTP AD RPROBWBSCDINSQL Joined,RCBU_BWB-WTP_AD_RPROBWBSCDINSQL_Joined,0,28-Feb-22,,Evidence,,RCBU_BWB-WTP_AD_RPROBWBSCDINSQL_Joined.PNG
RCBU BWB-WTP AD SCADA Servers,RCBU_BWB-WTP_AD_SCADA_Servers,0,28-Feb-22,,Evidence,,RCBU_BWB-WTP_AD_SCADA_Servers.PNG
RCBU BWB-WTP AD WSUS GPO Applied,RCBU_BWB-WTP_AD_WSUS_GPO_Applied,0,28-Feb-22,,Evidence,,RCBU_BWB-WTP_AD_WSUS_GPO_Applied.PNG
RCBU BWB-WTP EPP ExportedSystems,RCBU_BWB-WTP_EPP_ExportedSystems,0,28-Feb-22,,Evidence,,RCBU_BWB-WTP_EPP_ExportedSystems.pdf
RCBU BWB-WTP EPP McAfee Client,RCBU_BWB-WTP_EPP_McAfee_Client,0,28-Feb-22,,Evidence,,RCBU_BWB-WTP_EPP_McAfee_Client.PNG
RCBU BWB-WTP EPP McAfee DLP,RCBU_BWB-WTP_EPP_McAfee_DLP,0,28-Feb-22,,Evidence,,RCBU_BWB-WTP_EPP_McAfee_DLP.PNG
RCBU BWB-WTP EPP McAfee Products,RCBU_BWB-WTP_EPP_McAfee_Products,0,28-Feb-22,,Evidence,,RCBU_BWB-WTP_EPP_McAfee_Products.PNG
RCBU BWB-WTP FW RD-BWB-WTP-OT-FW-01 PAN,RCBU_BWB-WTP_FW_RD-BWB-WTP-OT-FW-01_PAN,0,28-Feb-22,,Evidence,,RCBU_BWB-WTP_FW_RD-BWB-WTP-OT-FW-01_PAN.PNG
RCBU BWB-WTP FW RD-BWB-WTP-OT-FW-01 Policy,RCBU_BWB-WTP_FW_RD-BWB-WTP-OT-FW-01_Policy,0,28-Feb-22,,Evidence,,RCBU_BWB-WTP_FW_RD-BWB-WTP-OT-FW-01_Policy.PNG
RCBU BWB-WTP FW RD-BWB-WTP-OT-FW-01 Tunnels,RCBU_BWB-WTP_FW_RD-BWB-WTP-OT-FW-01_Tunnels,0,28-Feb-22,,Evidence,,RCBU_BWB-WTP_FW_RD-BWB-WTP-OT-FW-01_Tunnels.PNG
RCBU BWB-WTP FW RD-BWB-WTP-OT-FW-01 Zones,RCBU_BWB-WTP_FW_RD-BWB-WTP-OT-FW-01_Zones,0,28-Feb-22,,Evidence,,RCBU_BWB-WTP_FW_RD-BWB-WTP-OT-FW-01_Zones.PNG
RCBU BWB-WTP FW RD-BWB-WTP-OT-SW-01 Ports,RCBU_BWB-WTP_FW_RD-BWB-WTP-OT-SW-01_Ports,0,28-Feb-22,,Evidence,,RCBU_BWB-WTP_FW_RD-BWB-WTP-OT-SW-01_Ports.PNG
RCBU BWB-WTP VMD RD-BWB-WTP-OT-VMD-01 CMC Connection,RCBU_BWB-WTP_VMD_RD-BWB-WTP-OT-VMD-01_CMC Connection,0,28-Feb-22,,Evidence,,RCBU_BWB-WTP_VMD_RD-BWB-WTP-OT-VMD-01_CMC Connection.PNG
RCBU BWB-WTP VMD RD-BWB-WTP-OT-VMD-01 Computers,RCBU_BWB-WTP_VMD_RD-BWB-WTP-OT-VMD-01_Computers,0,28-Feb-22,,Evidence,,RCBU_BWB-WTP_VMD_RD-BWB-WTP-OT-VMD-01_Computers.PNG
RCBU BWB-WTP VMD RD-BWB-WTP-OT-VMD-01 L0-1,RCBU_BWB-WTP_VMD_RD-BWB-WTP-OT-VMD-01_L0-1,0,28-Feb-22,,Evidence,,RCBU_BWB-WTP_VMD_RD-BWB-WTP-OT-VMD-01_L0-1.PNG
RCBU BWB-WTP VMD RD-BWB-WTP-OT-VMD-01 Networks,RCBU_BWB-WTP_VMD_RD-BWB-WTP-OT-VMD-01_Networks,0,28-Feb-22,,Evidence,,RCBU_BWB-WTP_VMD_RD-BWB-WTP-OT-VMD-01_Networks.PNG
RCBU BWB-WTP WSUS RDOTET10ADM02,RCBU_BWB-WTP_WSUS_RDOTET10ADM02,0,28-Feb-22,,Evidence,,RCBU_BWB-WTP_WSUS_RDOTET10ADM02.PNG
RCBU BWB-WTP WSUS RPROBWBSCDINSQL GPO Applied,RCBU_BWB-WTP_WSUS_RPROBWBSCDINSQL_GPO_Applied,0,28-Feb-22,,Evidence,,RCBU_BWB-WTP_WSUS_RPROBWBSCDINSQL_GPO_Applied.PNG
RCBU EX-10 AD RCBU HMI 08 Joined,RCBU_EX-10_AD_RCBU_HMI_08_Joined,0,28-Feb-22,,Evidence,,RCBU_EX-10_AD_RCBU_HMI_08_Joined.PNG
RCBU EX-10 AD RTOTET10ADM01 DNS,RCBU_EX-10_AD_RTOTET10ADM01_DNS,0,28-Feb-22,,Evidence,,RCBU_EX-10_AD_RTOTET10ADM01_DNS.PNG
RCBU EX-10 AD RTOTET10ADM01 GPOs,RCBU_EX-10_AD_RTOTET10ADM01_GPOs,0,28-Feb-22,,Evidence,,RCBU_EX-10_AD_RTOTET10ADM01_GPOs.PNG
RCBU EX-10 AD RTOTET10ADM01 GPOs Applied,RCBU_EX-10_AD_RTOTET10ADM01_GPOs_Applied,0,28-Feb-22,,Evidence,,RCBU_EX-10_AD_RTOTET10ADM01_GPOs_Applied.PNG
RCBU EX-10 AD RTOTET10ADM01 MGMT Servers,RCBU_EX-10_AD_RTOTET10ADM01_MGMT_Servers,0,28-Feb-22,,Evidence,,RCBU_EX-10_AD_RTOTET10ADM01_MGMT_Servers.PNG
RCBU EX-10 AD SCADA Servers Joined,RCBU_EX-10_AD_SCADA_Servers_Joined,0,28-Feb-22,,Evidence,,RCBU_EX-10_AD_SCADA_Servers_Joined.PNG
RCBU EX-10 AD WKST Joined,RCBU_EX-10_AD_WKST_Joined,0,28-Feb-22,,Evidence,,RCBU_EX-10_AD_WKST_Joined.PNG
RCBU EX-10 AD Workstations Joined,RCBU_EX-10_AD_Workstations_Joined,0,28-Feb-22,,Evidence,,RCBU_EX-10_AD_Workstations_Joined.PNG
RCBU EX-10 EPP Exported Systems,RCBU_EX-10_EPP_Exported_Systems,0,28-Feb-22,,Evidence,,RCBU_EX-10_EPP_Exported_Systems.pdf
RCBU EX-10 EPP McAfee Client,RCBU_EX-10_EPP_McAfee_Client,0,28-Feb-22,,Evidence,,RCBU_EX-10_EPP_McAfee_Client.PNG
RCBU EX-10 EPP McAfee Products,RCBU_EX-10_EPP_McAfee_Products,0,28-Feb-22,,Evidence,,RCBU_EX-10_EPP_McAfee_Products.PNG
RCBU EX-10 FW RD-E10-OT-FW-01 02 Policy,RCBU_EX-10_FW_RD-E10-OT-FW-01_02_Policy,0,28-Feb-22,,Evidence,,RCBU_EX-10_FW_RD-E10-OT-FW-01_02_Policy.PNG
RCBU EX-10 FW RD-E10-OT-FW-01 02 Tunnels,RCBU_EX-10_FW_RD-E10-OT-FW-01_02_Tunnels,0,28-Feb-22,,Evidence,,RCBU_EX-10_FW_RD-E10-OT-FW-01_02_Tunnels.PNG
RCBU EX-10 FW RD-E10-OT-FW-01 02 Zones,RCBU_EX-10_FW_RD-E10-OT-FW-01_02_Zones,0,28-Feb-22,,Evidence,,RCBU_EX-10_FW_RD-E10-OT-FW-01_02_Zones.PNG
RCBU EX-10 NW RD-E10-DC-OT-SW1 Ports,RCBU_EX-10_NW_RD-E10-DC-OT-SW1_Ports,0,28-Feb-22,,Evidence,,RCBU_EX-10_NW_RD-E10-DC-OT-SW1_Ports.PNG
RCBU EX-10 NW RD-E10-DC-OT-SW1 Vlans,RCBU_EX-10_NW_RD-E10-DC-OT-SW1_Vlans,0,28-Feb-22,,Evidence,,RCBU_EX-10_NW_RD-E10-DC-OT-SW1_Vlans.PNG
RCBU EX-10 RDG GPO Applied,RCBU_EX-10_RDG_GPO_Applied,0,28-Feb-22,,Evidence,,RCBU_EX-10_RDG_GPO_Applied.PNG
RCBU EX-10 VIR RDOTE10ADM01 VMConfig,RCBU_EX-10_VIR_RDOTE10ADM01_VMConfig,0,28-Feb-22,,Evidence,,RCBU_EX-10_VIR_RDOTE10ADM01_VMConfig.PNG
RCBU EX-10 VIR RDOTE10ADM02 VMConfig,RCBU_EX-10_VIR_RDOTE10ADM02_VMConfig,0,28-Feb-22,,Evidence,,RCBU_EX-10_VIR_RDOTE10ADM02_VMConfig.PNG
RCBU EX-10 VIR RDOTE10PHY1 HyperVConfig,RCBU_EX-10_VIR_RDOTE10PHY1_HyperVConfig,0,28-Feb-22,,Evidence,,RCBU_EX-10_VIR_RDOTE10PHY1_HyperVConfig.PNG
RCBU EX-10 VMD RD-ET10-OT-VMD-01 CMCConnection,RCBU_EX-10_VMD_RD-ET10-OT-VMD-01_CMCConnection,0,28-Feb-22,,Evidence,,RCBU_EX-10_VMD_RD-ET10-OT-VMD-01_CMCConnection.PNG
RCBU EX-10 VMD RD-ET10-OT-VMD-01 Computers,RCBU_EX-10_VMD_RD-ET10-OT-VMD-01_Computers,0,28-Feb-22,,Evidence,,RCBU_EX-10_VMD_RD-ET10-OT-VMD-01_Computers.PNG
RCBU EX-10 VMD RD-ET10-OT-VMD-01 Networks,RCBU_EX-10_VMD_RD-ET10-OT-VMD-01_Networks,0,28-Feb-22,,Evidence,,RCBU_EX-10_VMD_RD-ET10-OT-VMD-01_Networks.PNG
RCBU EX-10 WSUS RCBU HMI 08 GPO Applied,RCBU_EX-10_WSUS_RCBU_HMI_08_GPO_Applied,0,28-Feb-22,,Evidence,,RCBU_EX-10_WSUS_RCBU_HMI_08_GPO_Applied.PNG
RCBU EX-10 WSUS RDOTET10ADM02,RCBU_EX-10_WSUS_RDOTET10ADM02,0,28-Feb-22,,Evidence,,RCBU_EX-10_WSUS_RDOTET10ADM02.PNG
RCBU EX-10 WSUS RDOTET10ADM02 1,RCBU_EX-10_WSUS_RDOTET10ADM02_1,0,28-Feb-22,,Evidence,,RCBU_EX-10_WSUS_RDOTET10ADM02_1.PNG
RCBU EX-17 AD RDOTE17PHY01 Joined,RCBU_EX-17_AD_RDOTE17PHY01_Joined,0,28-Feb-22,,Evidence,,RCBU_EX-17_AD_RDOTE17PHY01_Joined.PNG
RCBU EX-17 AD WSUS GPO Applied,RCBU_EX-17_AD_WSUS_GPO_Applied,0,28-Feb-22,,Evidence,,RCBU_EX-17_AD_WSUS_GPO_Applied.PNG
RCBU EX-17 EPP Exported Systems,RCBU_EX-17_EPP_Exported_Systems,0,28-Feb-22,,Evidence,,RCBU_EX-17_EPP_Exported_Systems.pdf
RCBU EX-17 FW RD-ET17-OT-FW-01 Policy,RCBU_EX-17_FW_RD-ET17-OT-FW-01_Policy,0,28-Feb-22,,Evidence,,RCBU_EX-17_FW_RD-ET17-OT-FW-01_Policy.PNG
RCBU EX-17 FW RD-ET17-OT-FW-01 Tunnels,RCBU_EX-17_FW_RD-ET17-OT-FW-01_Tunnels,0,28-Feb-22,,Evidence,,RCBU_EX-17_FW_RD-ET17-OT-FW-01_Tunnels.PNG
RCBU EX-17 FW RD-ET17-OT-FW-01 Zones,RCBU_EX-17_FW_RD-ET17-OT-FW-01_Zones,0,28-Feb-22,,Evidence,,RCBU_EX-17_FW_RD-ET17-OT-FW-01_Zones.PNG
RCBU HET-STP AD RYDHETWWTPSCDG1 GPOs Applied,RCBU_HET-STP_AD_RYDHETWWTPSCDG1_GPOs_Applied,0,28-Feb-22,,Evidence,,RCBU_HET-STP_AD_RYDHETWWTPSCDG1_GPOs_Applied.PNG
RCBU HET-STP AD SCADA Servers Joined,RCBU_HET-STP_AD_SCADA_Servers_Joined,0,28-Feb-22,,Evidence,,RCBU_HET-STP_AD_SCADA_Servers_Joined.PNG
RCBU HET-STP EPP Exported Systems,RCBU_HET-STP_EPP_Exported_Systems,0,28-Feb-22,,Evidence,,RCBU_HET-STP_EPP_Exported_Systems.pdf
RCBU HET-STP EPP McAfee DLP,RCBU_HET-STP_EPP_McAfee_DLP,0,28-Feb-22,,Evidence,,RCBU_HET-STP_EPP_McAfee_DLP.PNG
RCBU HET-STP EPP McAfee Products,RCBU_HET-STP_EPP_McAfee_Products,0,28-Feb-22,,Evidence,,RCBU_HET-STP_EPP_McAfee_Products.PNG
RCBU HET-STP EPP RYDHETWWTPSCDG1 McAfee Agent,RCBU_HET-STP_EPP_RYDHETWWTPSCDG1_McAfee_Agent,0,28-Feb-22,,Evidence,,RCBU_HET-STP_EPP_RYDHETWWTPSCDG1_McAfee_Agent.PNG
RCBU HET-STP FW RD-HET-STP-OT-FW-01 IPsec Tunnels,RCBU_HET-STP_FW_RD-HET-STP-OT-FW-01_IPsec Tunnels,0,28-Feb-22,,Evidence,,RCBU_HET-STP_FW_RD-HET-STP-OT-FW-01_IPsec Tunnels.PNG
RCBU HET-STP FW RD-HET-STP-OT-FW-01 Policies,RCBU_HET-STP_FW_RD-HET-STP-OT-FW-01_Policies,0,28-Feb-22,,Evidence,,RCBU_HET-STP_FW_RD-HET-STP-OT-FW-01_Policies.PNG
RCBU HET-STP FW RD-HET-STP-OT-FW-01 Zones,RCBU_HET-STP_FW_RD-HET-STP-OT-FW-01_Zones,0,28-Feb-22,,Evidence,,RCBU_HET-STP_FW_RD-HET-STP-OT-FW-01_Zones.PNG
RCBU HET-STP NW RD-HET-STP-OT-SW-01 Ports,RCBU_HET-STP_NW_RD-HET-STP-OT-SW-01_Ports,0,28-Feb-22,,Evidence,,RCBU_HET-STP_NW_RD-HET-STP-OT-SW-01_Ports.PNG
RCBU HET-STP NW RD-HET-STP-OT-SW-01 Vlans,RCBU_HET-STP_NW_RD-HET-STP-OT-SW-01_Vlans,0,28-Feb-22,,Evidence,,RCBU_HET-STP_NW_RD-HET-STP-OT-SW-01_Vlans.PNG
RCBU HET-STP VMD RD-HET-STP-OT-VMD-01 CMC Connection,RCBU_HET-STP_VMD_RD-HET-STP-OT-VMD-01_CMC Connection,0,28-Feb-22,,Evidence,,RCBU_HET-STP_VMD_RD-HET-STP-OT-VMD-01_CMC Connection.PNG
RCBU HET-STP VMD RD-HET-STP-OT-VMD-01 Computer Assets.,RCBU_HET-STP_VMD_RD-HET-STP-OT-VMD-01_Computer Assets.,0,28-Feb-22,,Evidence,,RCBU_HET-STP_VMD_RD-HET-STP-OT-VMD-01_Computer Assets.xlsx
RCBU HET-STP VMD RD-HET-STP-OT-VMD-01 L1 Devices.,RCBU_HET-STP_VMD_RD-HET-STP-OT-VMD-01_L1 Devices.,0,28-Feb-22,,Evidence,,RCBU_HET-STP_VMD_RD-HET-STP-OT-VMD-01_L1 Devices.xlsx
RCBU HET-STP VMD RD-HET-STP-OT-VMD-01 License,RCBU_HET-STP_VMD_RD-HET-STP-OT-VMD-01_License,0,28-Feb-22,,Evidence,,RCBU_HET-STP_VMD_RD-HET-STP-OT-VMD-01_License.PNG
RCBU HYR-STP AD RYDHYRWWTPSCDG1 GPOs Applied,RCBU_HYR-STP_AD_RYDHYRWWTPSCDG1_GPOs_Applied,0,28-Feb-22,,Evidence,,RCBU_HYR-STP_AD_RYDHYRWWTPSCDG1_GPOs_Applied.PNG
RCBU HYR-STP AD RYDHYRWWWTPSCDD1 GPOs Applied,RCBU_HYR-STP_AD_RYDHYRWWWTPSCDD1_GPOs_Applied,0,28-Feb-22,,Evidence,,RCBU_HYR-STP_AD_RYDHYRWWWTPSCDD1_GPOs_Applied.PNG
RCBU HYR-STP AD SCADA Servers Joined,RCBU_HYR-STP_AD_SCADA_Servers_Joined,0,28-Feb-22,,Evidence,,RCBU_HYR-STP_AD_SCADA_Servers_Joined.PNG
RCBU HYR-STP EPP Exported Systems,RCBU_HYR-STP_EPP_Exported_Systems,0,28-Feb-22,,Evidence,,RCBU_HYR-STP_EPP_Exported_Systems.pdf
RCBU HYR-STP EPP RYDHYRWWTPSCDG1 McAfee Agent,RCBU_HYR-STP_EPP_RYDHYRWWTPSCDG1_McAfee_Agent,0,28-Feb-22,,Evidence,,RCBU_HYR-STP_EPP_RYDHYRWWTPSCDG1_McAfee_Agent.PNG
RCBU HYR-STP EPP RYDHYRWWTPSCDG1 McAfee DLP,RCBU_HYR-STP_EPP_RYDHYRWWTPSCDG1_McAfee_DLP,0,28-Feb-22,,Evidence,,RCBU_HYR-STP_EPP_RYDHYRWWTPSCDG1_McAfee_DLP.PNG
RCBU HYR-STP EPP RYDHYRWWTPSCDG1 McAfee Products,RCBU_HYR-STP_EPP_RYDHYRWWTPSCDG1_McAfee_Products,0,28-Feb-22,,Evidence,,RCBU_HYR-STP_EPP_RYDHYRWWTPSCDG1_McAfee_Products.PNG
RCBU HYR-STP NW RD-HYR-STP-OT-SW-01 Ports,RCBU_HYR-STP_NW_RD-HYR-STP-OT-SW-01_Ports,0,28-Feb-22,,Evidence,,RCBU_HYR-STP_NW_RD-HYR-STP-OT-SW-01_Ports.PNG
RCBU HYR-STP NW RD-HYR-STP-OT-SW-01 Vlans,RCBU_HYR-STP_NW_RD-HYR-STP-OT-SW-01_Vlans,0,28-Feb-22,,Evidence,,RCBU_HYR-STP_NW_RD-HYR-STP-OT-SW-01_Vlans.PNG
RCBU HYR-STP VMD RD-HYR-STP-OT-VMD-01 CMCConnection,RCBU_HYR-STP_VMD_RD-HYR-STP-OT-VMD-01_CMCConnection,0,28-Feb-22,,Evidence,,RCBU_HYR-STP_VMD_RD-HYR-STP-OT-VMD-01_CMCConnection.PNG
RCBU HYR-STP VMD RD-HYR-STP-OT-VMD-01 Computer Assets.,RCBU_HYR-STP_VMD_RD-HYR-STP-OT-VMD-01_Computer Assets.,0,28-Feb-22,,Evidence,,RCBU_HYR-STP_VMD_RD-HYR-STP-OT-VMD-01_Computer Assets.xlsx
RCBU HYR-STP VMD RD-HYR-STP-OT-VMD-01 L1 Devices.,RCBU_HYR-STP_VMD_RD-HYR-STP-OT-VMD-01_L1 Devices.,0,28-Feb-22,,Evidence,,RCBU_HYR-STP_VMD_RD-HYR-STP-OT-VMD-01_L1 Devices.xlsx
RCBU HYR-STP VMD RD-HYR-STP-OT-VMD-01 License,RCBU_HYR-STP_VMD_RD-HYR-STP-OT-VMD-01_License,0,28-Feb-22,,Evidence,,RCBU_HYR-STP_VMD_RD-HYR-STP-OT-VMD-01_License.PNG
RCBU MLZ-WTP AD RPROSCDMLZHIS01 GPOs Applied,RCBU_MLZ-WTP_AD_RPROSCDMLZHIS01_GPOs_Applied,0,28-Feb-22,,Evidence,,RCBU_MLZ-WTP_AD_RPROSCDMLZHIS01_GPOs_Applied.PNG
RCBU MLZ-WTP AD RPROSCDMLZHIS01 Joined,RCBU_MLZ-WTP_AD_RPROSCDMLZHIS01_Joined,0,28-Feb-22,,Evidence,,RCBU_MLZ-WTP_AD_RPROSCDMLZHIS01_Joined.PNG
RCBU MLZ-WTP AD RPROSCDMLZHIS01 Joined 1,RCBU_MLZ-WTP_AD_RPROSCDMLZHIS01_Joined_1,0,28-Feb-22,,Evidence,,RCBU_MLZ-WTP_AD_RPROSCDMLZHIS01_Joined_1.PNG
RCBU MLZ-WTP EPP Exported Systems,RCBU_MLZ-WTP_EPP_Exported_Systems,0,28-Feb-22,,Evidence,,RCBU_MLZ-WTP_EPP_Exported_Systems.pdf
RCBU MLZ-WTP EPP McAfee Agent,RCBU_MLZ-WTP_EPP_McAfee_Agent,0,28-Feb-22,,Evidence,,RCBU_MLZ-WTP_EPP_McAfee_Agent.PNG
RCBU MLZ-WTP EPP McAfee Products,RCBU_MLZ-WTP_EPP_McAfee_Products,0,28-Feb-22,,Evidence,,RCBU_MLZ-WTP_EPP_McAfee_Products.PNG
RCBU MLZ-WTP FW RD-MLZ-WTP-OT-FW-01 Tunnels,RCBU_MLZ-WTP_FW_RD-MLZ-WTP-OT-FW-01_Tunnels,0,28-Feb-22,,Evidence,,RCBU_MLZ-WTP_FW_RD-MLZ-WTP-OT-FW-01_Tunnels.PNG
RCBU MLZ-WTP FW RD-MLZ-WTP-OT-FW-01 Zones,RCBU_MLZ-WTP_FW_RD-MLZ-WTP-OT-FW-01_Zones,0,28-Feb-22,,Evidence,,RCBU_MLZ-WTP_FW_RD-MLZ-WTP-OT-FW-01_Zones.PNG
RCBU MLZ-WTP NW RD-MLZ-WTP-OT-SW-01 Ports,RCBU_MLZ-WTP_NW_RD-MLZ-WTP-OT-SW-01_Ports,0,28-Feb-22,,Evidence,,RCBU_MLZ-WTP_NW_RD-MLZ-WTP-OT-SW-01_Ports.PNG
RCBU MLZ-WTP NW RD-MLZ-WTP-OT-SW-01 VLans,RCBU_MLZ-WTP_NW_RD-MLZ-WTP-OT-SW-01_VLans,0,28-Feb-22,,Evidence,,RCBU_MLZ-WTP_NW_RD-MLZ-WTP-OT-SW-01_VLans.PNG
RCBU MLZ-WTP NW RD-MLZ-WTP-OT-SW-02 Ports,RCBU_MLZ-WTP_NW_RD-MLZ-WTP-OT-SW-02_Ports,0,28-Feb-22,,Evidence,,RCBU_MLZ-WTP_NW_RD-MLZ-WTP-OT-SW-02_Ports.PNG
RCBU MLZ-WTP NW RD-MLZ-WTP-OT-VMD-01 CMC Connection,RCBU_MLZ-WTP_NW_RD-MLZ-WTP-OT-VMD-01_CMC Connection,0,28-Feb-22,,Evidence,,RCBU_MLZ-WTP_NW_RD-MLZ-WTP-OT-VMD-01_CMC Connection.PNG
RCBU MLZ-WTP NW RD-MLZ-WTP-OT-VMD-01 Computers,RCBU_MLZ-WTP_NW_RD-MLZ-WTP-OT-VMD-01_Computers,0,28-Feb-22,,Evidence,,RCBU_MLZ-WTP_NW_RD-MLZ-WTP-OT-VMD-01_Computers.PNG
RCBU MLZ-WTP NW RD-MLZ-WTP-OT-VMD-01 L0-1 Devices,RCBU_MLZ-WTP_NW_RD-MLZ-WTP-OT-VMD-01_L0-1 Devices,0,28-Feb-22,,Evidence,,RCBU_MLZ-WTP_NW_RD-MLZ-WTP-OT-VMD-01_L0-1 Devices.PNG
RCBU MLZ-WTP NW RD-MLZ-WTP-OT-VMD-01 Network,RCBU_MLZ-WTP_NW_RD-MLZ-WTP-OT-VMD-01_Network,0,28-Feb-22,,Evidence,,RCBU_MLZ-WTP_NW_RD-MLZ-WTP-OT-VMD-01_Network.PNG
RCBU MLZ-WTP VMD RD-MLZ-WTP-OT-FW-01 CMC Connection,RCBU_MLZ-WTP_VMD_RD-MLZ-WTP-OT-FW-01_CMC Connection,0,28-Feb-22,,Evidence,,RCBU_MLZ-WTP_VMD_RD-MLZ-WTP-OT-FW-01_CMC Connection.PNG
RCBU MLZ-WTP WSUS RDOTE10ADM02,RCBU_MLZ-WTP_WSUS_RDOTE10ADM02,0,28-Feb-22,,Evidence,,RCBU_MLZ-WTP_WSUS_RDOTE10ADM02.PNG
RCBU MLZ-WTP WSUS RPROSCDHMLZHIS01 GPO Applied,RCBU_MLZ-WTP_WSUS_RPROSCDHMLZHIS01_GPO_Applied,0,28-Feb-22,,Evidence,,RCBU_MLZ-WTP_WSUS_RPROSCDHMLZHIS01_GPO_Applied.PNG
RCBU MNF WTP AD RPROSCDMNFHIS01 GPOs Applied,RCBU_MNF_WTP_AD_RPROSCDMNFHIS01_GPOs_Applied,0,28-Feb-22,,Evidence,,RCBU_MNF_WTP_AD_RPROSCDMNFHIS01_GPOs_Applied.PNG
RCBU MNF WTP AD RPROSCDMNFHIS01 Joined,RCBU_MNF_WTP_AD_RPROSCDMNFHIS01_Joined,0,28-Feb-22,,Evidence,,RCBU_MNF_WTP_AD_RPROSCDMNFHIS01_Joined.PNG
RCBU MNF-STP AD SCADA Servers Joined,RCBU_MNF-STP_AD_SCADA Servers_Joined,0,28-Feb-22,,Evidence,,RCBU_MNF-STP_AD_SCADA Servers_Joined.PNG
RCBU MNF-STP AD Workstation Joined,RCBU_MNF-STP_AD_Workstation_Joined,0,28-Feb-22,,Evidence,,RCBU_MNF-STP_AD_Workstation_Joined.PNG
RCBU MNF-STP EPP Exported Systems,RCBU_MNF-STP_EPP_Exported_Systems,0,28-Feb-22,,Evidence,,RCBU_MNF-STP_EPP_Exported_Systems.pdf
RCBU MNF-STP EPP McAfee Client,RCBU_MNF-STP_EPP_McAfee_Client,0,28-Feb-22,,Evidence,,RCBU_MNF-STP_EPP_McAfee_Client.PNG
RCBU MNF-STP EPP McAfee DLP,RCBU_MNF-STP_EPP_McAfee_DLP,0,28-Feb-22,,Evidence,,RCBU_MNF-STP_EPP_McAfee_DLP.PNG
RCBU MNF-STP EPP McAfee Products,RCBU_MNF-STP_EPP_McAfee_Products,0,28-Feb-22,,Evidence,,RCBU_MNF-STP_EPP_McAfee_Products.PNG
RCBU MNF-STP FW RD-MNF-STP-OT-FW-01 PAN Interface,RCBU_MNF-STP_FW_RD-MNF-STP-OT-FW-01_PAN Interface,0,28-Feb-22,,Evidence,,RCBU_MNF-STP_FW_RD-MNF-STP-OT-FW-01_PAN Interface.PNG
RCBU MNF-STP FW RD-MNF-STP-OT-FW-01 Policy,RCBU_MNF-STP_FW_RD-MNF-STP-OT-FW-01_Policy,0,28-Feb-22,,Evidence,,RCBU_MNF-STP_FW_RD-MNF-STP-OT-FW-01_Policy.PNG
RCBU MNF-STP FW RD-MNF-STP-OT-FW-01 Tunnels,RCBU_MNF-STP_FW_RD-MNF-STP-OT-FW-01_Tunnels,0,28-Feb-22,,Evidence,,RCBU_MNF-STP_FW_RD-MNF-STP-OT-FW-01_Tunnels.PNG
RCBU MNF-STP FW RD-MNF-STP-OT-FW-01 Zones,RCBU_MNF-STP_FW_RD-MNF-STP-OT-FW-01_Zones,0,28-Feb-22,,Evidence,,RCBU_MNF-STP_FW_RD-MNF-STP-OT-FW-01_Zones.PNG
RCBU MNF-STP RDG RYDMNFWWTPSCDD2 GPO Applied,RCBU_MNF-STP_RDG_RYDMNFWWTPSCDD2_GPO_Applied,0,28-Feb-22,,Evidence,,RCBU_MNF-STP_RDG_RYDMNFWWTPSCDD2_GPO_Applied.PNG
RCBU MNF-STP VMD RD-MNF-STP-OT-VMD-01 Computers,RCBU_MNF-STP_VMD_RD-MNF-STP-OT-VMD-01_Computers,0,28-Feb-22,,Evidence,,RCBU_MNF-STP_VMD_RD-MNF-STP-OT-VMD-01_Computers.PNG
RCBU MNF-STP VMD RD-MNF-STP-OT-VMD-01 L0-1 Devices,RCBU_MNF-STP_VMD_RD-MNF-STP-OT-VMD-01_L0-1 Devices,0,28-Feb-22,,Evidence,,RCBU_MNF-STP_VMD_RD-MNF-STP-OT-VMD-01_L0-1 Devices.PNG
RCBU MNF-STP VMD RD-MNF-STP-OT-VMD-01 Networks,RCBU_MNF-STP_VMD_RD-MNF-STP-OT-VMD-01_Networks,0,28-Feb-22,,Evidence,,RCBU_MNF-STP_VMD_RD-MNF-STP-OT-VMD-01_Networks.PNG
RCBU MNF-STP WSUS RYDMNFWWTPSCDD2 GPO Applied,RCBU_MNF-STP_WSUS_RYDMNFWWTPSCDD2_GPO_Applied,0,28-Feb-22,,Evidence,,RCBU_MNF-STP_WSUS_RYDMNFWWTPSCDD2_GPO_Applied.PNG
RCBU MNF-WTP AD SCADA Servers Joined,RCBU_MNF-WTP_AD_SCADA_Servers_Joined,0,28-Feb-22,,Evidence,,RCBU_MNF-WTP_AD_SCADA_Servers_Joined.PNG
RCBU MNF-WTP AD Workstation Joined,RCBU_MNF-WTP_AD_Workstation_Joined,0,28-Feb-22,,Evidence,,RCBU_MNF-WTP_AD_Workstation_Joined.PNG
RCBU MNF-WTP EPP Exported Systems,RCBU_MNF-WTP_EPP_Exported_Systems,0,28-Feb-22,,Evidence,,RCBU_MNF-WTP_EPP_Exported_Systems.pdf
RCBU MNF-WTP EPP McAfee Agent,RCBU_MNF-WTP_EPP_McAfee_Agent,0,28-Feb-22,,Evidence,,RCBU_MNF-WTP_EPP_McAfee_Agent.PNG
RCBU MNF-WTP EPP McAfee Products,RCBU_MNF-WTP_EPP_McAfee_Products,0,28-Feb-22,,Evidence,,RCBU_MNF-WTP_EPP_McAfee_Products.PNG
RCBU MNF-WTP FW RD-MNF-WTP-OT-FW-01 PAN Interface,RCBU_MNF-WTP_FW_RD-MNF-WTP-OT-FW-01_PAN Interface,0,28-Feb-22,,Evidence,,RCBU_MNF-WTP_FW_RD-MNF-WTP-OT-FW-01_PAN Interface.PNG
RCBU MNF-WTP FW RD-MNF-WTP-OT-FW-01 Policy,RCBU_MNF-WTP_FW_RD-MNF-WTP-OT-FW-01_Policy,0,28-Feb-22,,Evidence,,RCBU_MNF-WTP_FW_RD-MNF-WTP-OT-FW-01_Policy.PNG
RCBU MNF-WTP FW RD-MNF-WTP-OT-FW-01 Tunnels,RCBU_MNF-WTP_FW_RD-MNF-WTP-OT-FW-01_Tunnels,0,28-Feb-22,,Evidence,,RCBU_MNF-WTP_FW_RD-MNF-WTP-OT-FW-01_Tunnels.PNG
RCBU MNF-WTP FW RD-MNF-WTP-OT-FW-01 Zones,RCBU_MNF-WTP_FW_RD-MNF-WTP-OT-FW-01_Zones,0,28-Feb-22,,Evidence,,RCBU_MNF-WTP_FW_RD-MNF-WTP-OT-FW-01_Zones.PNG
RCBU MNF-WTP NW RD-MNF-WTP-OT-SW-01 Ports,RCBU_MNF-WTP_NW_RD-MNF-WTP-OT-SW-01_Ports,0,28-Feb-22,,Evidence,,RCBU_MNF-WTP_NW_RD-MNF-WTP-OT-SW-01_Ports.PNG
RCBU MNF-WTP NW RD-MNF-WTP-OT-SW-01 Vlans,RCBU_MNF-WTP_NW_RD-MNF-WTP-OT-SW-01_Vlans,0,28-Feb-22,,Evidence,,RCBU_MNF-WTP_NW_RD-MNF-WTP-OT-SW-01_Vlans.PNG
RCBU MNF-WTP NW RD-MNF-WTP-OT-SW-02 Ports,RCBU_MNF-WTP_NW_RD-MNF-WTP-OT-SW-02_Ports,0,28-Feb-22,,Evidence,,RCBU_MNF-WTP_NW_RD-MNF-WTP-OT-SW-02_Ports.PNG
RCBU MNF-WTP RDG AD RPROSCDMNFHIS01 GPO Applied,RCBU_MNF-WTP_RDG_AD_RPROSCDMNFHIS01_GPO_Applied,0,28-Feb-22,,Evidence,,RCBU_MNF-WTP_RDG_AD_RPROSCDMNFHIS01_GPO_Applied.PNG
RCBU MNF-WTP RDG RPROSCDSHMHIS01 GPO Applied,RCBU_MNF-WTP_RDG_RPROSCDSHMHIS01_GPO_Applied,0,28-Feb-22,,Evidence,,RCBU_MNF-WTP_RDG_RPROSCDSHMHIS01_GPO_Applied.PNG
RCBU MNF-WTP VMD RD-MNF-WTP-OT-VMD-01 Computers,RCBU_MNF-WTP_VMD_RD-MNF-WTP-OT-VMD-01_Computers,0,28-Feb-22,,Evidence,,RCBU_MNF-WTP_VMD_RD-MNF-WTP-OT-VMD-01_Computers.PNG
RCBU MNF-WTP VMD RD-MNF-WTP-OT-VMD-01 L0-1 Devices,RCBU_MNF-WTP_VMD_RD-MNF-WTP-OT-VMD-01_L0-1 Devices,0,28-Feb-22,,Evidence,,RCBU_MNF-WTP_VMD_RD-MNF-WTP-OT-VMD-01_L0-1 Devices.PNG
RCBU MNF-WTP VMD RD-MNF-WTP-OT-VMD-01 Network,RCBU_MNF-WTP_VMD_RD-MNF-WTP-OT-VMD-01_Network,0,28-Feb-22,,Evidence,,RCBU_MNF-WTP_VMD_RD-MNF-WTP-OT-VMD-01_Network.PNG
RCBU MNF-WTP WSUS RDOTE10ADM02,RCBU_MNF-WTP_WSUS_RDOTE10ADM02,0,28-Feb-22,,Evidence,,RCBU_MNF-WTP_WSUS_RDOTE10ADM02.PNG
RCBU MNF-WTP WSUS RPROSCDMNFHIS01 GPO Applied,RCBU_MNF-WTP_WSUS_RPROSCDMNFHIS01_GPO_Applied,0,28-Feb-22,,Evidence,,RCBU_MNF-WTP_WSUS_RPROSCDMNFHIS01_GPO_Applied.PNG
RCBU SHM-WTP AD RPROSCDSHMHIS01 GPOs Applied,RCBU_SHM-WTP_AD_RPROSCDSHMHIS01_GPOs_Applied,0,28-Feb-22,,Evidence,,RCBU_SHM-WTP_AD_RPROSCDSHMHIS01_GPOs_Applied.PNG
RCBU SHM-WTP AD RPROSCDSHMHIS01 Joined,RCBU_SHM-WTP_AD_RPROSCDSHMHIS01_Joined,0,28-Feb-22,,Evidence,,RCBU_SHM-WTP_AD_RPROSCDSHMHIS01_Joined.PNG
RCBU SHM-WTP AD SCADA Servers Joined,RCBU_SHM-WTP_AD_SCADA_Servers_Joined,0,28-Feb-22,,Evidence,,RCBU_SHM-WTP_AD_SCADA_Servers_Joined.PNG
RCBU SHM-WTP AD Workstation Joined,RCBU_SHM-WTP_AD_Workstation_Joined,0,28-Feb-22,,Evidence,,RCBU_SHM-WTP_AD_Workstation_Joined.PNG
RCBU SHM-WTP EPP Exported Systems,RCBU_SHM-WTP_EPP_Exported_Systems,0,28-Feb-22,,Evidence,,RCBU_SHM-WTP_EPP_Exported_Systems.pdf
RCBU SHM-WTP EPP McAfee Agent,RCBU_SHM-WTP_EPP_McAfee_Agent,0,28-Feb-22,,Evidence,,RCBU_SHM-WTP_EPP_McAfee_Agent.PNG
RCBU SHM-WTP EPP McAfee Products,RCBU_SHM-WTP_EPP_McAfee_Products,0,28-Feb-22,,Evidence,,RCBU_SHM-WTP_EPP_McAfee_Products.PNG
RCBU SHM-WTP FW RD-SHM-WTP-OT-FW-01 Policy,RCBU_SHM-WTP_FW_RD-SHM-WTP-OT-FW-01_Policy,0,28-Feb-22,,Evidence,,RCBU_SHM-WTP_FW_RD-SHM-WTP-OT-FW-01_Policy.PNG
RCBU SHM-WTP FW RD-SHM-WTP-OT-FW-01 Tunnels,RCBU_SHM-WTP_FW_RD-SHM-WTP-OT-FW-01_Tunnels,0,28-Feb-22,,Evidence,,RCBU_SHM-WTP_FW_RD-SHM-WTP-OT-FW-01_Tunnels.PNG
RCBU SHM-WTP FW RD-SHM-WTP-OT-FW-01 Zones,RCBU_SHM-WTP_FW_RD-SHM-WTP-OT-FW-01_Zones,0,28-Feb-22,,Evidence,,RCBU_SHM-WTP_FW_RD-SHM-WTP-OT-FW-01_Zones.PNG
RCBU SHM-WTP FW RD-SHM-WTP-OT-SW-01 Ports,RCBU_SHM-WTP_FW_RD-SHM-WTP-OT-SW-01_Ports,0,28-Feb-22,,Evidence,,RCBU_SHM-WTP_FW_RD-SHM-WTP-OT-SW-01_Ports.PNG
RCBU SHM-WTP NW RD-SHM-WTP-OT-SW-01 Vlans,RCBU_SHM-WTP_NW_RD-SHM-WTP-OT-SW-01_Vlans,0,28-Feb-22,,Evidence,,RCBU_SHM-WTP_NW_RD-SHM-WTP-OT-SW-01_Vlans.PNG
RCBU SHM-WTP NW RD-SHM-WTP-OT-SW-02 Ports,RCBU_SHM-WTP_NW_RD-SHM-WTP-OT-SW-02_Ports,0,28-Feb-22,,Evidence,,RCBU_SHM-WTP_NW_RD-SHM-WTP-OT-SW-02_Ports.PNG
RCBU SHM-WTP RDG RPROSCDSHMHIS01 GPOs Applied,RCBU_SHM-WTP_RDG_RPROSCDSHMHIS01_GPOs_Applied,0,28-Feb-22,,Evidence,,RCBU_SHM-WTP_RDG_RPROSCDSHMHIS01_GPOs_Applied.PNG
RCBU SHM-WTP RDOTE10ADM02 WSUS,RCBU_SHM-WTP_RDOTE10ADM02_WSUS,0,28-Feb-22,,Evidence,,RCBU_SHM-WTP_RDOTE10ADM02_WSUS.PNG
RCBU SHM-WTP VMD RD-SHM-WTP-OT-VMD-01 CMC Connection,RCBU_SHM-WTP_VMD_RD-SHM-WTP-OT-VMD-01_CMC Connection,0,28-Feb-22,,Evidence,,RCBU_SHM-WTP_VMD_RD-SHM-WTP-OT-VMD-01_CMC Connection.PNG
RCBU SHM-WTP VMD RD-SHM-WTP-OT-VMD-01 Computers,RCBU_SHM-WTP_VMD_RD-SHM-WTP-OT-VMD-01_Computers,0,28-Feb-22,,Evidence,,RCBU_SHM-WTP_VMD_RD-SHM-WTP-OT-VMD-01_Computers.PNG
RCBU SHM-WTP VMD RD-SHM-WTP-OT-VMD-01 L0-1 Devices,RCBU_SHM-WTP_VMD_RD-SHM-WTP-OT-VMD-01_L0-1 Devices,0,28-Feb-22,,Evidence,,RCBU_SHM-WTP_VMD_RD-SHM-WTP-OT-VMD-01_L0-1 Devices.PNG
RCBU SHM-WTP VMD RD-SHM-WTP-OT-VMD-01 Networks,RCBU_SHM-WTP_VMD_RD-SHM-WTP-OT-VMD-01_Networks,0,28-Feb-22,,Evidence,,RCBU_SHM-WTP_VMD_RD-SHM-WTP-OT-VMD-01_Networks.PNG
RCBU SHM-WTP WSUS RPROSCDSHMHIS01 GPO Applied,RCBU_SHM-WTP_WSUS_RPROSCDSHMHIS01_GPO_Applied,0,28-Feb-22,,Evidence,,RCBU_SHM-WTP_WSUS_RPROSCDSHMHIS01_GPO_Applied.PNG
RCBU SHM-WTP WSUS RPROSCDSHMHIS01 GPOs Applied,RCBU_SHM-WTP_WSUS_RPROSCDSHMHIS01_GPOs_Applied,0,28-Feb-22,,Evidence,,RCBU_SHM-WTP_WSUS_RPROSCDSHMHIS01_GPOs_Applied.PNG
RCBU SLB-WTP AD SCADA Servers Joined,RCBU_SLB-WTP_AD_SCADA_Servers_Joined,0,28-Feb-22,,Evidence,,RCBU_SLB-WTP_AD_SCADA_Servers_Joined.PNG
RCBU SLB-WTP EPP Exported Systems,RCBU_SLB-WTP_EPP_Exported_Systems,0,28-Feb-22,,Evidence,,RCBU_SLB-WTP_EPP_Exported_Systems.pdf
RCBU SLB-WTP FW RD-SLB-WTP-OT-FW-01 IPsec Tunnels,RCBU_SLB-WTP_FW_RD-SLB-WTP-OT-FW-01_IPsec_Tunnels,0,28-Feb-22,,Evidence,,RCBU_SLB-WTP_FW_RD-SLB-WTP-OT-FW-01_IPsec_Tunnels.PNG
RCBU SLB-WTP FW RD-SLB-WTP-OT-FW-01 Policies,RCBU_SLB-WTP_FW_RD-SLB-WTP-OT-FW-01_Policies,0,28-Feb-22,,Evidence,,RCBU_SLB-WTP_FW_RD-SLB-WTP-OT-FW-01_Policies.PNG
RCBU SLB-WTP FW RD-SLB-WTP-OT-FW-01 Zones,RCBU_SLB-WTP_FW_RD-SLB-WTP-OT-FW-01_Zones,0,28-Feb-22,,Evidence,,RCBU_SLB-WTP_FW_RD-SLB-WTP-OT-FW-01_Zones.PNG
RCBU SLB-WTP NW RD-SLB-WTP-OT-SW-01 Ports,RCBU_SLB-WTP_NW_RD-SLB-WTP-OT-SW-01_Ports,0,28-Feb-22,,Evidence,,RCBU_SLB-WTP_NW_RD-SLB-WTP-OT-SW-01_Ports.PNG
RCBU SLB-WTP NW RD-SLB-WTP-OT-SW-01 Vlans,RCBU_SLB-WTP_NW_RD-SLB-WTP-OT-SW-01_Vlans,0,28-Feb-22,,Evidence,,RCBU_SLB-WTP_NW_RD-SLB-WTP-OT-SW-01_Vlans.PNG
RCBU SLB-WTP VMD RD-SLB-WTP-OT-VMD-01 CMC Connection,RCBU_SLB-WTP_VMD_RD-SLB-WTP-OT-VMD-01_CMC Connection,0,28-Feb-22,,Evidence,,RCBU_SLB-WTP_VMD_RD-SLB-WTP-OT-VMD-01_CMC Connection.PNG
RCBU SLB-WTP VMD RD-SLB-WTP-OT-VMD-01 Computer Assets.,RCBU_SLB-WTP_VMD_RD-SLB-WTP-OT-VMD-01_Computer Assets.,0,28-Feb-22,,Evidence,,RCBU_SLB-WTP_VMD_RD-SLB-WTP-OT-VMD-01_Computer Assets.xlsx
RCBU SLB-WTP VMD RD-SLB-WTP-OT-VMD-01 L1 Devices.,RCBU_SLB-WTP_VMD_RD-SLB-WTP-OT-VMD-01_L1 Devices.,0,28-Feb-22,,Evidence,,RCBU_SLB-WTP_VMD_RD-SLB-WTP-OT-VMD-01_L1 Devices.xlsx
RCBU SLB-WTP VMD RD-SLB-WTP-OT-VMD-01 License,RCBU_SLB-WTP_VMD_RD-SLB-WTP-OT-VMD-01_License,0,28-Feb-22,,Evidence,,RCBU_SLB-WTP_VMD_RD-SLB-WTP-OT-VMD-01_License.PNG
RCBU TGC AD GPOs Applied,RCBU_TGC_AD_GPOs_Applied,0,28-Feb-22,,Evidence,,RCBU_TGC_AD_GPOs_Applied.PNG
RCBU TGC AD Workstations Joined,RCBU_TGC_AD_Workstations_Joined,0,28-Feb-22,,Evidence,,RCBU_TGC_AD_Workstations_Joined.PNG
RCBU WAS-WTP AD RPROWASSCDDAS01 GPOs Applied (2),RCBU_WAS-WTP_AD_RPROWASSCDDAS01_GPOs_Applied (2),0,28-Feb-22,,Evidence,,RCBU_WAS-WTP_AD_RPROWASSCDDAS01_GPOs_Applied (2).PNG
RCBU WAS-WTP AD RPROWASSCDDAS01 GPOs Applied,RCBU_WAS-WTP_AD_RPROWASSCDDAS01_GPOs_Applied,0,28-Feb-22,,Evidence,,RCBU_WAS-WTP_AD_RPROWASSCDDAS01_GPOs_Applied.PNG
RCBU WAS-WTP AD RPROWASSCDDAS01 Joined,RCBU_WAS-WTP_AD_RPROWASSCDDAS01_Joined,0,28-Feb-22,,Evidence,,RCBU_WAS-WTP_AD_RPROWASSCDDAS01_Joined.PNG
RCBU WAS-WTP AD SCADA Servers Joined,RCBU_WAS-WTP_AD_SCADA_Servers_Joined,0,28-Feb-22,,Evidence,,RCBU_WAS-WTP_AD_SCADA_Servers_Joined.PNG
RCBU WAS-WTP EPP Exported Systems,RCBU_WAS-WTP_EPP_Exported_Systems,0,28-Feb-22,,Evidence,,RCBU_WAS-WTP_EPP_Exported_Systems.pdf
RCBU WAS-WTP EPP McAfee Agent,RCBU_WAS-WTP_EPP_McAfee_Agent,0,28-Feb-22,,Evidence,,RCBU_WAS-WTP_EPP_McAfee_Agent.PNG
RCBU WAS-WTP EPP McAfee DLP,RCBU_WAS-WTP_EPP_McAfee_DLP,0,28-Feb-22,,Evidence,,RCBU_WAS-WTP_EPP_McAfee_DLP.PNG
RCBU WAS-WTP EPP McAfee Products,RCBU_WAS-WTP_EPP_McAfee_Products,0,28-Feb-22,,Evidence,,RCBU_WAS-WTP_EPP_McAfee_Products.PNG
RCBU WAS-WTP FW RD-WAS-WTP-OT-FW-01 IPsec Tunnels,RCBU_WAS-WTP_FW_RD-WAS-WTP-OT-FW-01_IPsec_Tunnels,0,28-Feb-22,,Evidence,,RCBU_WAS-WTP_FW_RD-WAS-WTP-OT-FW-01_IPsec_Tunnels.PNG
RCBU WAS-WTP FW RD-WAS-WTP-OT-FW-01 Policies,RCBU_WAS-WTP_FW_RD-WAS-WTP-OT-FW-01_Policies,0,28-Feb-22,,Evidence,,RCBU_WAS-WTP_FW_RD-WAS-WTP-OT-FW-01_Policies.PNG
RCBU WAS-WTP FW RD-WAS-WTP-OT-FW-01 Zones,RCBU_WAS-WTP_FW_RD-WAS-WTP-OT-FW-01_Zones,0,28-Feb-22,,Evidence,,RCBU_WAS-WTP_FW_RD-WAS-WTP-OT-FW-01_Zones.PNG
RCBU WAS-WTP NW RD-WAS-WTP-OT-SW-01 Ports,RCBU_WAS-WTP_NW_RD-WAS-WTP-OT-SW-01_Ports,0,28-Feb-22,,Evidence,,RCBU_WAS-WTP_NW_RD-WAS-WTP-OT-SW-01_Ports.PNG
RCBU WAS-WTP NW RD-WAS-WTP-OT-SW-01 Vlans,RCBU_WAS-WTP_NW_RD-WAS-WTP-OT-SW-01_Vlans,0,28-Feb-22,,Evidence,,RCBU_WAS-WTP_NW_RD-WAS-WTP-OT-SW-01_Vlans.PNG
RCBU WAS-WTP RDG RPROWASSCDDAS01 GPOs Applied,RCBU_WAS-WTP_RDG_RPROWASSCDDAS01_GPOs_Applied,0,28-Feb-22,,Evidence,,RCBU_WAS-WTP_RDG_RPROWASSCDDAS01_GPOs_Applied.PNG
RCBU WAS-WTP SFTP HQOTADM12 WebInterface,RCBU_WAS-WTP_SFTP_HQOTADM12_WebInterface,0,28-Feb-22,,Evidence,,RCBU_WAS-WTP_SFTP_HQOTADM12_WebInterface.PNG
RCBU WAS-WTP VMD RD-WAS-WTP-OT-VMD-01 CMC Connection,RCBU_WAS-WTP_VMD_RD-WAS-WTP-OT-VMD-01_CMC Connection,0,28-Feb-22,,Evidence,,RCBU_WAS-WTP_VMD_RD-WAS-WTP-OT-VMD-01_CMC Connection.PNG
RCBU WAS-WTP VMD RD-WAS-WTP-OT-VMD-01 Computers,RCBU_WAS-WTP_VMD_RD-WAS-WTP-OT-VMD-01_Computers.,0,28-Feb-22,,Evidence,,RCBU_WAS-WTP_VMD_RD-WAS-WTP-OT-VMD-01_Computers.xlsx
RCBU WAS-WTP VMD RD-WAS-WTP-OT-VMD-01 L1 Devices,RCBU_WAS-WTP_VMD_RD-WAS-WTP-OT-VMD-01_L1 Devices.,0,28-Feb-22,,Evidence,,RCBU_WAS-WTP_VMD_RD-WAS-WTP-OT-VMD-01_L1 Devices.xlsx
RCBU WAS-WTP VMD RD-WAS-WTP-OT-VMD-01 License,RCBU_WAS-WTP_VMD_RD-WAS-WTP-OT-VMD-01_License,0,28-Feb-22,,Evidence,,RCBU_WAS-WTP_VMD_RD-WAS-WTP-OT-VMD-01_License.PNG
RCBU WAS-WTP WSUS RPROWASSCDDAS01 GPOs Applied,RCBU_WAS-WTP_WSUS_RPROWASSCDDAS01_GPOs_Applied,0,28-Feb-22,,Evidence,,RCBU_WAS-WTP_WSUS_RPROWASSCDDAS01_GPOs_Applied.PNG
