Parent Type,Parent ID,SubSite ID,SubSite Name,SubSite Name(Arabic),SubSite Description,SubSite Location(Descriptive),SubSite Location(Coordinates - Dec),SubSite Location(Coordinates - Deg),SubSite Location(Google Link),Main Process / Equipment
Site,Manfouha WTP,RD_MNF-WTP_MNF1,Manfouha 1 WTP,,,,,,,
Site,Manfouha WTP,RD_MNF-WTP_MNF2,Manfouha 2 WTP,,,,,,,
Site,Manfouha WWTP,RD_MNF-STP_MNFE,Manfouha East STP,,,,,,,
Site,Manfouha WWTP,RD_MNF-STP_MNFN,Manfouha North STP,,,,,,,
Site,Manfouha WWTP,RD_MNF-STP_MNFS,Manfouha South STP,,,,,,,
Site,TGC,RD_TGC_EX12,TGC Exit12,,,,,,,
Site,TGC,RD_TGC_EX13,TGC Exit13,,,,,,,
Site,TGC,RD_TGC_EX14,TGC Exit14,,,,,,,
Site,Bowaib WTP,RD_BWB-WTP_BWB1,Bowaib 1,,,,,,,
Site,Bowaib WTP,RD_BWB-WTP_BWB2,Bowaib 2,,,,,,,
Site,Shomacy WTP,RD_SHM-WTP,Shomacy WTP ,,,,,,,
Site,Malaz WTP,RD_MLZ-WTP,Malaz WTP ,,,,,,,
Site,Malaz WTP,RD_MLZ-WTP_MLZ1,MALAZ - 1,,,,,,,
Site,Malaz WTP,RD_MLZ-WTP_MLZ2,MALAZ - 2,,,,,,,
Site,Malaz WTP,RD_MLZ-WTP_QTR1,AL QATAR 1,,,,,,,
Site,Malaz WTP,RD_MLZ-WTP_QTR2,AL QATAR 2,,,,,,,
Site,Malaz WTP,RD_MLZ-WTP_MTR,MATHAR,,,,,,,
Site,Malaz WTP,RD_MLZ-WTP_LGN,LAGON,,,,,,,
Site,Salbukh WTP,RD_SLB-WTP,Salbukh WTP ,,,,,,,
Site,Wasi WTP,RD_WAS-WTP,Wasi WTP ,,,,,,,
Site,TGNW,RD_TGNW,TGNW ,,,,,,,
Site,HEET WWTP,RD_HET-STP_P1,HEET Phase 1 STP,,,,,,,
Site,HEET WWTP,RD_HET-STP_P2,HEET Phase 2 STP,,,,,,,
Site,HAYER WWTP,RD_HYR-STP,El Hayer STP,,,,,,,
Site,Exit-10,RD_E10_OLA-1,OLAYA-1,,,,,,,
Site,Exit-10,RD_E10_OLA-12,OLAYA-12,,,,,,,
Site,Exit-10,RD_E10_OLA-13,OLAYA-13,,,,,,,
Site,Exit-10,RD_E10_OLA-14,OLAYA-14,,,,,,,
Site,Exit-10,RD_E10_OLA-15,OLAYA-15,,,,,,,
Site,Exit-10,RD_E10_OLA-17,OLAYA-17,,,,,,,
Site,Exit-10,RD_E10_OLA-18,OLAYA-18,,,,,,,
Site,Exit-10,RD_E10_OLA-2,OLAYA-2,,,,,,,
Site,Exit-10,RD_E10_OLA-22,OLAYA-22,,,,,,,
Site,Exit-10,RD_E10_OLA-24,OLAYA-24,,,,,,,
Site,Exit-10,RD_E10_OLA-25,OLAYA-25,,,,,,,
Site,Exit-10,RD_E10_OLA-26,OLAYA-26,,,,,,,
Site,Exit-10,RD_E10_OLA-3,OLAYA-3,,,,,,,
Site,Exit-10,RD_E10_OLA-32,OLAYA-32,,,,,,,
Site,Exit-10,RD_E10_OLA-33,OLAYA-33,,,,,,,
Site,Exit-10,RD_E10_OLA-34,OLAYA-34,,,,,,,
Site,Exit-10,RD_E10_OLA-35,OLAYA-35,,,,,,,
Site,Exit-10,RD_E10_OLA-36,OLAYA-36,,,,,,,
Site,Exit-10,RD_E10_OLA-37,OLAYA-37,,,,,,,
Site,Exit-10,RD_E10_OLA-4,OLAYA-4,,,,,,,
Site,Exit-10,RD_E10_OLA-40,OLAYA-40,,,,,,,
Site,Exit-10,RD_E10_OLA-5,OLAYA-5,,,,,,,
Site,Exit-10,RD_E10_SUL-5,SULIMANIYAH-5,,,,,,,
Site,Exit-10,RD_E10_SUL-6,SULIMANIYAH-6,,,,,,,
Site,Exit-10,RD_E10_SUL-7,SULIMANIYAH-7,,,,,,,
Site,Exit-10,RD_E10_SUL-8,SULIMANIYAH-8,,,,,,,
Site,Exit-10,RD_E10_SUL-9,SULIMANIYAH-9,,,,,,,
Site,Exit-10,RD_E10_SUL-10,SULIMANIYAH-10,,,,,,,
Site,Exit-10,RD_E10_SUL-11,SULIMANIYAH-11,,,,,,,
Site,Exit-10,RD_E10_SUL-12,SULIMANIYAH-12,,,,,,,
Site,Exit-10,RD_E10_SUL-13,SULIMANIYAH-13,,,,,,,
Site,Exit-10,RD_E10_SUL-14,SULIMANIYAH-14,,,,,,,
Site,Exit-10,RD_E10_SUL-16,SULIMANIYAH-16,,,,,,,
Site,Exit-10,RD_E10_SUL-20,SULIMANIYAH-20,,,,,,,
Site,Exit-10,RD_E10_SUL-23,SULIMANIYAH-23,,,,,,,
Site,Exit-10,RD_E10_SUL-24,SULIMANIYAH-24,,,,,,,
Site,Exit-10,RD_E10_OLA-11,OLAYA-11,,,,,,,
Site,Exit-10,RD_E10_OLA-16,OLAYA-16,,,,,,,
Site,Exit-10,RD_E10_OLA-19,OLAYA-19,,,,,,,
Site,Exit-10,RD_E10_OLA-20,OLAYA-20,,,,,,,
Site,Exit-10,RD_E10_OLA-21,OLAYA-21,,,,,,,
Site,Exit-10,RD_E10_OLA-23,OLAYA-23,,,,,,,
Site,Exit-10,RD_E10_OLA-27,OLAYA-27,,,,,,,
Site,Exit-10,RD_E10_OLA-28,OLAYA-28,,,,,,,
Site,Exit-10,RD_E10_OLA-29,OLAYA-29,,,,,,,
Site,Exit-10,RD_E10_OLA-30,OLAYA-30,,,,,,,
Site,Exit-10,RD_E10_OLA-38,OLAYA-38,,,,,,,
Site,Exit-10,RD_E10_MAA-1,MAAZER SHAMALI-1,,,,,,,
Site,Exit-10,RD_E10_MAA-2,MAAZER SHAMALI-2,,,,,,,
Site,Exit-10,RD_E10_MAA-3,MAAZER SHAMALI-3,,,,,,,
Site,Exit-10,RD_E10_MAA-4,MAAZER SHAMALI-4,,,,,,,
Site,Exit-10,RD_E10_MAA-5,MAAZER SHAMALI-5,,,,,,,
Site,Exit-10,RD_E10_MAA-6,MAAZER SHAMALI-6,,,,,,,
Site,Exit-10,RD_E10_UMM-21,UMMALHAMAM GHARBI (W)-21,,,,,,,
Site,Exit-10,RD_E10_UMM-20,UMMALHAMAM GHARBI (W)-20,,,,,,,
Site,Exit-10,RD_E10_UMM-18,UMMALHAMAM GHARBI (W)-18,,,,,,,
Site,Exit-10,RD_E10_UMM-17,UMMALHAMAM GHARBI (W)-17,,,,,,,
Site,Exit-10,RD_E10_UMM-16,UMMALHAMAM GHARBI (W)-16,,,,,,,
Site,Exit-10,RD_E10_UMM-15,UMMALHAMAM GHARBI (W)-15,,,,,,,
Site,Exit-10,RD_E10_UMM-14,UMMALHAMAM GHARBI (W)-14,,,,,,,
Site,Exit-10,RD_E10_UMM-13,UMMALHAMAM GHARBI (W)-13,,,,,,,
Site,Exit-10,RD_E10_UMM-10,UMMALHAMAM GHARBI (W)-10,,,,,,,
Site,Exit-10,RD_E10_UMM-9,UMMALHAMAM GHARBI (W)-9,,,,,,,
Site,Exit-10,RD_E10_UMM-12,UMMALHAMAM GHARBI (W)-12,,,,,,,
Site,Exit-10,RD_E10_UMM-7,UMMALHAMAM GHARBI (W)-7,,,,,,,
Site,Exit-10,RD_E10_UMM-8,UMMALHAMAM GHARBI (W)-8,,,,,,,
Site,Exit-10,RD_E10_UMM-6,UMMALHAMAM GHARBI (W)-6,,,,,,,
Site,Exit-10,RD_E10_UMM-4,UMMALHAMAM SHARQI (E )-4,,,,,,,
Site,Exit-10,RD_E10_UMM-7,UMMALHAMAM SHARQI (E )-7,,,,,,,
Site,Exit-10,RD_E10_UMM-8,UMMALHAMAM SHARQI (E )-8,,,,,,,
Site,Exit-10,RD_E10_UMM-10,UMMALHAMAM SHARQI (E )-10,,,,,,,
Site,Exit-10,RD_E10_UMM-11,UMMALHAMAM SHARQI (E )-11,,,,,,,
Site,Exit-10,RD_E10_UMM-12,UMMALHAMAM SHARQI (E )-12,,,,,,,
Site,Exit-10,RD_E10_HAD-1,HADA-1,,,,,,,
Site,Exit-10,RD_E10_HAD-2,HADA-2,,,,,,,
Site,Exit-10,RD_E10_HAD-3,HADA-3,,,,,,,
Site,Exit-10,RD_E10_HAD-4,HADA-4,,,,,,,
Site,Exit-10,RD_E10_HAD-5,HADA-5,,,,,,,
Site,Exit-10,RD_E10_HAD-6,HADA-6,,,,,,,
Site,Exit-10,RD_E10_HAD-9,HADA-9,,,,,,,
Site,Exit-10,RD_E10_HAD-10,HADA-10,,,,,,,
Site,Exit-10,RD_E10_HAD-8,HADA-8,,,,,,,
Site,Exit-10,RD_E10_DIZ-PL3,DIZ-DMZ-PL3,,,,,,,
Site,Exit-10,RD_E10_MUT-2,MUTAMARAT-2,,,,,,,
Site,Exit-10,RD_E10_MUT-3,MUTAMARAT-3,,,,,,,
Site,Exit-10,RD_E10_RAF-15,RAFIAH-15,,,,,,,
Site,Exit-10,RD_E10_RAF-16,RAFIAH-16,,,,,,,
Site,Exit-10,RD_E10_RAF-4,RAFIAH-4,,,,,,,
Site,Exit-10,RD_E10_MAA-6,MAAZER-6,,,,,,,
Site,Exit-10,RD_E10_MAA-4,MAAZER-4,,,,,,,
Site,Exit-10,RD_E10_MAA-8,MAAZER-8,,,,,,,
Site,Exit-10,RD_E10_MAA-9,MAAZER-9,,,,,,,
Site,Exit-10,RD_E10_MAA-10,MAAZER-10,,,,,,,
Site,Exit-10,RD_E10_NAM-3,NAMUDHAJIYAH-3,,,,,,,
Site,Exit-10,RD_E10_NAS-3,NASIRIYAH-3,,,,,,,
Site,Exit-10,RD_E10_SHA-1,SHARAFIYAH-1,,,,,,,
Site,Exit-10,RD_E10_FAK-1,FAKHIRIYYAH-1,,,,,,,
Site,Exit-10,RD_E10_FAK-2,FAKHIRIYYAH-2,,,,,,,
Site,Exit-10,RD_E10_FAK-3,FAKHIRIYYAH-3,,,,,,,
Site,Exit-10,RD_E10_WIS-2,WISHAM-2,,,,,,,
Site,Exit-10,RD_E10_WIS-1,WISHAM-1,,,,,,,
Site,Exit-10,RD_E10_UMM-1,UMM SALIM-1,,,,,,,
Site,Exit-10,RD_E10_UMM-2,UMM SALIM-2,,,,,,,
Site,Exit-10,RD_E10_UMM-3,UMM SALIM-3,,,,,,,
Site,Exit-10,RD_E10_ULA-1,ULAISHAH-1,,,,,,,
Site,Exit-10,RD_E10_ULA-2,ULAISHAH-2,,,,,,,
Site,Exit-10,RD_E10_ULA-3,ULAISHAH-3,,,,,,,
Site,Exit-10,RD_E10_ULA-4,ULAISHAH-4,,,,,,,
Site,Exit-10,RD_E10_SHI-1,SHIMAISI-1,,,,,,,
Site,Exit-10,RD_E10_SHI-3,SHIMAISI-3,,,,,,,
Site,Exit-10,RD_E10_SHI-4,SHIMAISI-4,,,,,,,
Site,Exit-10,RD_E10_SHI-5,SHIMAISI-5,,,,,,,
Site,Exit-10,RD_E10_SHI-6,SHIMAISI-6,,,,,,,
Site,Exit-10,RD_E10_SHI-7,SHIMAISI-7,,,,,,,
Site,Exit-10,RD_E10_BAD-16,BADIAH-16,,,,,,,
Site,Exit-10,RD_E10_BAD-1,BADIAH-1,,,,,,,
Site,Exit-10,RD_E10_BAD-2,BADIAH-2,,,,,,,
Site,Exit-10,RD_E10_BAD-3,BADIAH-3,,,,,,,
Site,Exit-10,RD_E10_BAD-4,BADIAH-4,,,,,,,
Site,Exit-10,RD_E10_BAD-5,BADIAH-5,,,,,,,
Site,Exit-10,RD_E10_BAD-6,BADIAH-6,,,,,,,
Site,Exit-10,RD_E10_BAD-7,BADIAH-7,,,,,,,
Site,Exit-10,RD_E10_JAR-1,JARADIYAH-1,,,,,,,
Site,Exit-10,RD_E10_JAR-2,JARADIYAH-2,,,,,,,
Site,Exit-10,RD_E10_JAR-3,JARADIYAH-3,,,,,,,
Site,Exit-10,RD_E10_SAY-3,SAYAH-3,,,,,,,
Site,Exit-10,RD_E10_WIZ-1,WIZARAT-1,,,,,,,
Site,Exit-10,RD_E10_WIZ-2,WIZARAT-2,,,,,,,
Site,Exit-10,RD_E10_MUR-3,MURABBA-3,,,,,,,
Site,Exit-10,RD_E10_MUR-4,MURABBA-4,,,,,,,
Site,Exit-10,RD_E10_MUR-5,MURABBA-5,,,,,,,
Site,Exit-10,RD_E10_MUR-6,MURABBA-6,,,,,,,
Site,Exit-10,RD_E10_MUR-7,MURABBA-7,,,,,,,
Site,Exit-10,RD_E10_MUR,MURABBA Tank,,,,,,,
Site,Exit-10,RD_E10_FUT-1,FUTAH-1,,,,,,,
Site,Exit-10,RD_E10_DIR-3,DIRAH-3,,,,,,,
Site,Exit-10,RD_E10_DIR-2,DIRAH-2,,,,,,,
Site,Exit-10,RD_E10_DIR-4,DIRAH-4,,,,,,,
Site,Exit-10,RD_E10_DIR-6,DIRAH-6,,,,,,,
Site,Exit-10,RD_E10_DIR-7,DIRAH-7,,,,,,,
Site,Exit-10,RD_E10_DIR-8,DIRAH-8,,,,,,,
Site,Exit-10,RD_E10_BUT-1,BUTAIHA-1,,,,,,,
Site,Exit-10,RD_E10_WUS-1,WUSAITA-1,,,,,,,
Site,Exit-10,RD_E10_DUB-1,DUBIYAH-1,,,,,,,
Site,Exit-10,RD_E10_DUB-2,DUBIYAH-2,,,,,,,
Site,Exit-10,RD_E10_MAN-1,MANAKH-1,,,,,,,
Site,Exit-10,RD_E10_MAN-3,MANAKH-3,,,,,,,
Site,Exit-10,RD_E10_MAN-4,MANAKH-4,,,,,,,
Site,Exit-10,RD_E10_MAN-5,MANAKH-5,,,,,,,
Site,Exit-10,RD_E10_MAN-6,MANAKH-6,,,,,,,
Site,Exit-10,RD_E10_DIF-1,DIFA-1,,,,,,,
Site,Exit-10,RD_E10_DIF-2,DIFA-2,,,,,,,
Site,Exit-10,RD_E10_ISK-2,ISKAN-2,,,,,,,
Site,Exit-10,RD_E10_ISK-6,ISKAN-6,,,,,,,
Site,Exit-10,RD_E10_ISK-3,ISKAN-3,,,,,,,
Site,Exit-10,RD_E10_ISK-4,ISKAN-4,,,,,,,
Site,Exit-10,RD_E10_ISK-5,ISKAN-5,,,,,,,
Site,Exit-10,RD_E10_MAS-1,MASANI-1,,,,,,,
Site,Exit-10,RD_E10_MAS-2,MASANI-2,,,,,,,
Site,Exit-10,RD_E10_MAS-3,MASANI-3,,,,,,,
Site,Exit-10,RD_E10_MAS-4,MASANI-4,,,,,,,
Site,Exit-10,RD_E10_MAS-6,MASANI-6,,,,,,,
Site,Exit-10,RD_E10_MAS-8,MASANI-8,,,,,,,
Site,Exit-10,RD_E10_DAR-3,DAR AL BAIDA-3,,,,,,,
Site,Exit-10,RD_E10_DAR-2,DAR AL BAIDA-2,,,,,,,
Site,Exit-10,RD_E10_DAR-4,DAR AL BAIDA-4,,,,,,,
Site,Exit-10,RD_E10_DAR-5,DAR AL BAIDA-5,,,,,,,
Site,Exit-10,RD_E10_DAR-6,DAR AL BAIDA-6,,,,,,,
Site,Exit-10,RD_E10_DAR-7,DAR AL BAIDA-7,,,,,,,
Site,Exit-10,RD_E10_DAR-8,DAR AL BAIDA-8,,,,,,,
Site,Exit-10,RD_E10_DAR-9,DAR AL BAIDA-9,,,,,,,
Site,Exit-10,RD_E10_DAR-10,DAR AL BAIDA-10,,,,,,,
Site,Exit-10,RD_E10_DAR-11,DAR AL BAIDA-11,,,,,,,
Site,Exit-10,RD_E10_DAR-12,DAR AL BAIDA-12,,,,,,,
Site,Exit-10,RD_E10_DAR-13,DAR AL BAIDA-13,,,,,,,
Site,Exit-10,RD_E10_DAR-14,DAR AL BAIDA-14,,,,,,,
Site,Exit-10,RD_E10_DAR-15,DAR AL BAIDA-15,,,,,,,
Site,Exit-10,RD_E10_DAR-16,DAR AL BAIDA-16,,,,,,,
Site,Exit-10,RD_E10_DAR-18,DAR AL BAIDA-18,,,,,,,
Site,Exit-10,RD_E10_DAR-19,DAR AL BAIDA-19,,,,,,,
Site,Exit-10,RD_E10_DAR-21,DAR AL BAIDA-21,,,,,,,
Site,Exit-10,RD_E10_DAR-23,DAR AL BAIDA-23,,,,,,,
Site,Exit-10,RD_E10_DAR-25,DAR AL BAIDA-25,,,,,,,
Site,Exit-10,RD_E10_AZI-1,AZIZIYAH-1,,,,,,,
Site,Exit-10,RD_E10_AZI-5,AZIZIYAH-5,,,,,,,
Site,Exit-10,RD_E10_AZI-6,AZIZIYAH-6,,,,,,,
Site,Exit-10,RD_E10_AZI-7,AZIZIYAH-7,,,,,,,
Site,Exit-10,RD_E10_AZI-8,AZIZIYAH-8,,,,,,,
Site,Exit-10,RD_E10_AZI-9,AZIZIYAH-9,,,,,,,
Site,Exit-10,RD_E10_AZI-10,AZIZIYAH-10,,,,,,,
Site,Exit-10,RD_E10_AZI-11,AZIZIYAH-11,,,,,,,
Site,Exit-10,RD_E10_AZI-12,AZIZIYAH-12,,,,,,,
Site,Exit-10,RD_E10_AZI-13,AZIZIYAH-13,,,,,,,
Site,Exit-10,RD_E10_AZI-14,AZIZIYAH-14,,,,,,,
Site,Exit-10,RD_E10_AZI-15,AZIZIYAH-15,,,,,,,
Site,Exit-10,RD_E10_AZI-16,AZIZIYAH-16,,,,,,,
Site,Exit-10,RD_E10_AZI-18,AZIZIYAH-18,,,,,,,
Site,Exit-10,RD_E10_AZI-19,AZIZIYAH-19,,,,,,,
Site,Exit-10,RD_E10_AZI-20,AZIZIYAH-20,,,,,,,
Site,Exit-10,RD_E10_AZI-21,AZIZIYAH-21,,,,,,,
Site,Exit-10,RD_E10_AZI-22,AZIZIYAH-22,,,,,,,
Site,Exit-10,RD_E10_AZI-23,AZIZIYAH-23,,,,,,,
Site,Exit-10,RD_E10_AZI-24,AZIZIYAH-24,,,,,,,
Site,Exit-10,RD_E10_AZI-25,AZIZIYAH-25,,,,,,,
Site,Exit-10,RD_E10_AZI-26,AZIZIYAH-26,,,,,,,
Site,Exit-10,RD_E10_AZI-27,AZIZIYAH-27,,,,,,,
Site,Exit-10,RD_E10_AZI-28,AZIZIYAH-28,,,,,,,
Site,Exit-10,RD_E10_SHI-10,SHIFA-10,,,,,,,
Site,Exit-10,RD_E10_SHI-12,SHIFA-12,,,,,,,
Site,Exit-10,RD_E10_SHI-20,SHIFA-20,,,,,,,
Site,Exit-10,RD_E10_SHI-21,SHIFA-21,,,,,,,
Site,Exit-10,RD_E10_SHI-29,SHIFA-29,,,,,,,
Site,Exit-10,RD_E10_SHI-22,SHIFA-22,,,,,,,
Site,Exit-10,RD_E10_SHI-23,SHIFA-23,,,,,,,
Site,Exit-10,RD_E10_SHI-24,SHIFA-24,,,,,,,
Site,Exit-10,RD_E10_SHI-25,SHIFA-25,,,,,,,
Site,Exit-10,RD_E10_SHI-26,SHIFA-26,,,,,,,
Site,Exit-10,RD_E10_SHL1A,SHL-DMZ-FLM1A,,,,,,,
Site,Exit-10,RD_E10_SHI-3,SHIFA-3,,,,,,,
Site,Exit-10,RD_E10_MAR-3,MARWAH-3,,,,,,,
Site,Exit-10,RD_E10_MAR-5,MARWAH-5,,,,,,,
Site,Exit-10,RD_E10_MAR-6,MARWAH-6,,,,,,,
Site,Exit-10,RD_E10_MAR-7,MARWAH-7,,,,,,,
Site,Exit-10,RD_E10_MAR-8,MARWAH-8,,,,,,,
Site,Exit-10,RD_E10_MAR-9,MARWAH-9,,,,,,,
Site,Exit-10,RD_E10_MAR-2,MARWAH-2,,,,,,,
Site,Exit-10,RD_E10_BAD-5,BADR-5,,,,,,,
Site,Exit-10,RD_E10_BAD-24,BADR-24,,,,,,,
Site,Exit-10,RD_E10_BAD-25,BADR-25,,,,,,,
Site,Exit-10,RD_E10_BAD-26,BADR-26,,,,,,,
Site,Exit-10,RD_E10_BAD-27,BADR-27,,,,,,,
Site,Exit-10,RD_E10_BADR-9,BADR-9,,,,,,,
Site,Exit-10,RD_E10_BAD-10,BADR-10,,,,,,,
Site,Exit-10,RD_E10_BAD-11,BADR-11,,,,,,,
Site,Exit-10,RD_E10_BAD-12,BADR-12,,,,,,,
Site,Exit-10,RD_E10_BAD-14,BADR-14,,,,,,,
Site,Exit-10,RD_E10_BAD-15,BADR-15,,,,,,,
Site,Exit-10,RD_E10_BAD-16,BADR-16,,,,,,,
Site,Exit-10,RD_E10_BAD-17,BADR-17,,,,,,,
Site,Exit-10,RD_E10_BAD-18,BADR-18,,,,,,,
Site,Exit-10,RD_E10_BAD-20,BADR-20,,,,,,,
Site,Exit-10,RD_E10_BAD-21,BADR-21,,,,,,,
Site,Exit-10,RD_E10_BAD-22,BADR-22,,,,,,,
Site,Exit-10,RD_E10_BAD-29,BADR-29,,,,,,,
Site,Exit-10,RD_E10_S02M1,S02-DMZ-FLM1,,,,,,,
Site,Exit-10,RD_E10_BAD-8,BADR-8,,,,,,,
Site,Exit-10,RD_E10_BAD-4,BADR-4,,,,,,,
Site,Exit-10,RD_E10_MAN-2,MANFUHAH-2,,,,,,,
Site,Exit-10,RD_E10_MAN-3,MANFUHAH-3,,,,,,,
Site,Exit-10,RD_E10_MAN-5,MANFUHAH-5,,,,,,,
Site,Exit-10,RD_E10_MAN-1,MANFUHAH AL JADIDAH-1,,,,,,,
Site,Exit-10,RD_E10_MAN-2,MANFUHAH AL JADIDAH-2,,,,,,,
Site,Exit-10,RD_E10_MAN-3,MANFUHAH AL JADIDAH-3,,,,,,,
Site,Exit-10,RD_E10_MAN-4,MANFUHAH AL JADIDAH-4,,,,,,,
Site,Exit-10,RD_E10_YAM-1,YAMAMAH-1,,,,,,,
Site,Exit-10,RD_E10_YAM-2,YAMAMAH-2,,,,,,,
Site,Exit-10,RD_E10_YAM-3,YAMAMAH-3,,,,,,,
Site,Exit-10,RD_E10_YAM-4,YAMAMAH-4,,,,,,,
Site,Exit-10,RD_E10_YAM-5,YAMAMAH-5,,,,,,,
Site,Exit-10,RD_E10_UTA-2,UTAIQAH-2,,,,,,,
Site,Exit-10,RD_E10_UTA-3,UTAIQAH-3,,,,,,,
Site,Exit-10,RD_E10_UTA-4,UTAIQAH-4,,,,,,,
Site,Exit-10,RD_E10_UTA-5,UTAIQAH-5,,,,,,,
Site,Exit-10,RD_E10_SKI-1,SKIRINAH-1,,,,,,,
Site,Exit-10,RD_E10_NAM-7,NAMAR-7,,,,,,,
Site,Exit-10,RD_E10_NAM-12,NAMAR-12,,,,,,,
Site,Exit-10,RD_E10_NAM-14,NAMAR-14,,,,,,,
Site,Exit-10,RD_E10_NAM-8,NAMAR-8,,,,,,,
Site,Exit-10,RD_E10_NAM-9,NAMAR-9,,,,,,,
Site,Exit-10,RD_E10_HAZ-5,HAZM-5,,,,,,,
Site,Exit-10,RD_E10_HAZ-6,HAZM-6,,,,,,,
Site,Exit-10,RD_E10_HAZ-7,HAZM-7,,,,,,,
Site,Exit-10,RD_E10_HAZ-8,HAZM-8,,,,,,,
Site,Exit-10,RD_E10_HAZ-20,HAZM-20,,,,,,,
Site,Exit-10,RD_E10_HAZ-9,HAZM-9,,,,,,,
Site,Exit-10,RD_E10_S04LM3,S04-MAL-FLM3,,,,,,,
Site,Exit-10,RD_E10_OKA-1,OKAZ-1,,,,,,,
Site,Exit-10,RD_E10_OKA-2,OKAZ-2,,,,,,,
Site,Exit-10,RD_E10_OKA-3,OKAZ-3,,,,,,,
Site,Exit-10,RD_E10_OKA-4,OKAZ-4,,,,,,,
Site,Exit-10,RD_E10_S03M1,S03-DMZ-FLM1,,,,,,,
Site,Exit-10,RD_E10_S04M1,S04-DMZ-FLM1,,,,,,,
Site,Exit-10,RD_E10_S053A,S05-DMZ-FLM3A,,,,,,,
Site,Exit-10,RD_E10_DIR-1,DIRAB-1,,,,,,,
Site,Exit-10,RD_E10_DIR-2,DIRAB-2,,,,,,,
Site,Exit-10,RD_E10_DIR-3,DIRAB-3,,,,,,,
Site,Exit-10,RD_E10_S07PL1,S07-DMZ-PL1,,,,,,,
Site,Exit-10,RD_E10_S073A,S07-DMZ-PL3A,,,,,,,
Site,Exit-10,RD_E10_S074A,S07-DMZ-PL4A,,,,,,,
Site,Exit-10,RD_E10_S052A,S05-DMZ-FLM2A,,,,,,,
Site,Exit-10,RD_E10_S061A,S06-DMZ-FLM1A,,,,,,,
Site,Exit-10,RD_E10_S06M2,S06-DMZ-FLM2,,,,,,,
Site,Exit-10,RD_E10_S07M1,S07-MAL-FLM1,,,,,,,
Site,Exit-10,RD_E10_UHU-1,UHUD-1,,,,,,,
Site,Exit-10,RD_E10_UHU-2,UHUD-2,,,,,,,
Site,Exit-10,RD_E10_S06L1,S06-DMZ-PL1,,,,,,,
Site,Exit-10,RD_E10_S051A,S05-DMZ-FLM1A,,,,,,,
Site,Exit-10,RD_E10_S06M4,S06-DMZ-FLM4,,,,,,,
Site,Exit-10,RD_E10_PRV-7,PRV-HAEER-7,,,,,,,
Site,Exit-10,RD_E10_PRV-6,PRV-HAEER-6,,,,,,,
Site,Exit-10,RD_E10_PRV-5,PRV-HAEER-5,,,,,,,
Site,Exit-10,RD_E10_HAE-3,HAEER-3,,,,,,,
Site,Exit-10,RD_E10_PRV-4,PRV-HAEER-4,,,,,,,
Site,Exit-10,RD_E10_GHN-1,GHNAMIAH-1,,,,,,,
Site,Exit-10,RD_E10_MAN-1,MANSURIYAH-1,,,,,,,
Site,Exit-10,RD_E10_KIN-21,KING ABDULAZIZ-21,,,,,,,
Site,Exit-10,RD_E10_KIN-1,KING ABDULAZIZ-1,,,,,,,
Site,Exit-10,RD_E10_ZAH-1,ZAHRA-1,,,,,,,
Site,Exit-10,RD_E10_ZAH-6,ZAHRA-6,,,,,,,
Site,Exit-10,RD_E10_ZAH-7,ZAHRA-7,,,,,,,
Site,Exit-10,RD_E10_MAL-1,MALAZ-1,,,,,,,
Site,Exit-10,RD_E10_MAL-2,MALAZ-2,,,,,,,
Site,Exit-10,RD_E10_MAL-3,MALAZ-3,,,,,,,
Site,Exit-10,RD_E10_MAL-4,MALAZ-4,,,,,,,
Site,Exit-10,RD_E10_MAL-5,MALAZ-5,,,,,,,
Site,Exit-10,RD_E10_MAL-6,MALAZ-6,,,,,,,
Site,Exit-10,RD_E10_MAL-7,MALAZ-7,,,,,,,
Site,Exit-10,RD_E10_MAL-8,MALAZ-8,,,,,,,
Site,Exit-10,RD_E10_MAL-9,MALAZ-9,,,,,,,
Site,Exit-10,RD_E10_MAL-11,MALAZ-11,,,,,,,
Site,Exit-10,RD_E10_MAL-12,MALAZ-12,,,,,,,
Site,Exit-10,RD_E10_MAL-13,MALAZ-13,,,,,,,
Site,Exit-10,RD_E10_MAL-14,MALAZ-14,,,,,,,
Site,Exit-10,RD_E10_SIN-2,SINAIYAH-2,,,,,,,
Site,Exit-10,RD_E10_SIN-3,SINAIYAH-3,,,,,,,
Site,Exit-10,RD_E10_SIN-5,SINAIYAH-5,,,,,,,
Site,Exit-10,RD_E10_JAR-1,JARIR-1,,,,,,,
Site,Exit-10,RD_E10_JAR-3,JARIR-3,,,,,,,
Site,Exit-10,RD_E10_JAR-4,JARIR-4,,,,,,,
Site,Exit-10,RD_E10_DHU-2,DHUBBAT-2,,,,,,,
Site,Exit-10,RD_E10_DHU-1,DHUBBAT-1,,,,,,,
Site,Exit-10,RD_E10_DHU-4,DHUBBAT-4,,,,,,,
Site,Exit-10,RD_E10_RAB-3,RABWAH-3,,,,,,,
Site,Exit-10,RD_E10_RAB-4,RABWAH-4,,,,,,,
Site,Exit-10,RD_E10_RAB-5,RABWAH-5,,,,,,,
Site,Exit-10,RD_E10_RAB-6,RABWAH-6,,,,,,,
Site,Exit-10,RD_E10_RAB-7,RABWAH-7,,,,,,,
Site,Exit-10,RD_E10_RAB-8,RABWAH-8,,,,,,,
Site,Exit-10,RD_E10_RAB-9,RABWAH-9,,,,,,,
Site,Exit-10,RD_E10_RAB-10,RABWAH-10,,,,,,,
Site,Exit-10,RD_E10_RAB-11,RABWAH-11,,,,,,,
Site,Exit-10,RD_E10_RAB-13,RABWAH-13,,,,,,,
Site,Exit-10,RD_E10_RAB-14,RABWAH-14,,,,,,,
Site,Exit-10,RD_E10_RAB-15,RABWAH-15,,,,,,,
Site,Exit-10,RD_E10_RAB-16,RABWAH-16,,,,,,,
Site,Exit-10,RD_E10_RAB-17,RABWAH-17,,,,,,,
Site,Exit-10,RD_E10_RAB-18,RABWAH-18,,,,,,,
Site,Exit-10,RD_E10_RAB-19,RABWAH-19,,,,,,,
Site,Exit-10,RD_E10_RAB-20,RABWAH-20,,,,,,,
Site,Exit-10,RD_E10_KIN-1,KING ABDULLAH-1,,,,,,,
Site,Exit-10,RD_E10_KIN-3,KING ABDULLAH-3,,,,,,,
Site,Exit-10,RD_E10_KIN-4,KING ABDULLAH-4,,,,,,,
Site,Exit-10,RD_E10_KIN-6,KING ABDULLAH-6,,,,,,,
Site,Exit-10,RD_E10_HZ3PL2,HZ3-DMZ-PL2,,,,,,,
Site,Exit-10,RD_E10_THU-1,THULAIM-1,,,,,,,
Site,Exit-10,RD_E10_THU-2,THULAIM-2,,,,,,,
Site,Exit-10,RD_E10_THU-3,THULAIM-3,,,,,,,
Site,Exit-10,RD_E10_OUD-2,OUD-2,,,,,,,
Site,Exit-10,RD_E10_OUD-6,OUD-6,,,,,,,
Site,Exit-10,RD_E10_OUD-7,OUD-7,,,,,,,
Site,Exit-10,RD_E10_OUD-8,OUD-8,,,,,,,
Site,Exit-10,RD_E10_GHU-1,GHUBAIRAH-1,,,,,,,
Site,Exit-10,RD_E10_GHU-3,GHUBAIRAH-3,,,,,,,
Site,Exit-10,RD_E10_GHU-5,GHUBAIRAH-5,,,,,,,
Site,Exit-10,RD_E10_GHU-6,GHUBAIRAH-6,,,,,,,
Site,Exit-10,RD_E10_GHU-4,GHUBAIRAH-4,,,,,,,
Site,Exit-10,RD_E10_MAN-1,MANSOURAH-1,,,,,,,
Site,Exit-10,RD_E10_MAN-2,MANSOURAH-2,,,,,,,
Site,Exit-10,RD_E10_MAN-3,MANSOURAH-3,,,,,,,
Site,Exit-10,RD_E10_MAN-4,MANSOURAH-4,,,,,,,
Site,Exit-10,RD_E10_MAN-7,MANSOURAH-7,,,,,,,
Site,Exit-10,RD_E10_MAN-8,MANSOURAH-8,,,,,,,
Site,Exit-10,RD_E10_MAN-9,MANSOURAH-9,,,,,,,
Site,Exit-10,RD_E10_MAN-5,MANSOURAH-5,,,,,,,
Site,Exit-10,RD_E10_MAN-6,MANSOURAH-6,,,,,,,
Site,Exit-10,RD_E10_KHA-3,KHALIDIYYAH-3,,,,,,,
Site,Exit-10,RD_E10_KHA-4,KHALIDIYYAH-4,,,,,,,
Site,Exit-10,RD_E10_KHA-5,KHALIDIYYAH-5,,,,,,,
Site,Exit-10,RD_E10_KHA-6,KHALIDIYYAH-6,,,,,,,
Site,Exit-10,RD_E10_KHA-7,KHALIDIYYAH-7,,,,,,,
Site,Exit-10,RD_E10_KHA-8,KHALIDIYYAH-8,,,,,,,
Site,Exit-10,RD_E10_MAR-2,MARQAB-2,,,,,,,
Site,Exit-10,RD_E10_SAL-1,SALHIYAH-1,,,,,,,
Site,Exit-10,RD_E10_SAF-1,SAFA-1,,,,,,,
Site,Exit-10,RD_E10_SAF-11,SAFA-11,,,,,,,
Site,Exit-10,RD_E10_SAF-12,SAFA-12,,,,,,,
Site,Exit-10,RD_E10_SAF-13,SAFA-13,,,,,,,
Site,Exit-10,RD_E10_SAF-14,SAFA-14,,,,,,,
Site,Exit-10,RD_E10_SAF-15,SAFA-15,,,,,,,
Site,Exit-10,RD_E10_FAR-3,FAROOQ-3,,,,,,,
Site,Exit-10,RD_E10_FAR-1,FAROOQ-1,,,,,,,
Site,Exit-10,RD_E10_FAR-2,FAROOQ-2,,,,,,,
Site,Exit-10,RD_E10_FAI-1,FAISALIYYAH-1,,,,,,,
Site,Exit-10,RD_E10_FAI-2,FAISALIYYAH-2,,,,,,,
Site,Exit-10,RD_E10_FAI-3,FAISALIYYAH-3,,,,,,,
Site,Exit-10,RD_E10_FAI-4,FAISALIYYAH-4,,,,,,,
Site,Exit-10,RD_E10_FAI-5,FAISALIYYAH-5,,,,,,,
Site,Exit-10,RD_E10_FAI-6,FAISALIYYAH-6,,,,,,,
Site,Exit-10,RD_E10_JAZ-2,JAZIRAH-2,,,,,,,
Site,Exit-10,RD_E10_JAZ-1,JAZIRAH-1,,,,,,,
Site,Exit-10,RD_E10_HZ5PL3,HZ5-DMZ-PL3,,,,,,,
Site,Exit-10,RD_E10_HZ5PL4,HZ5-DMZ-PL4,,,,,,,
Site,Exit-10,RD_E10_FAY-2,FAYHA-2,,,,,,,
Site,Exit-10,RD_E10_FAY-4,FAYHA-4,,,,,,,
Site,Exit-10,RD_E10_FAY-3,FAYHA-3,,,,,,,
Site,Exit-10,RD_E10_SAA-3,SAADAH-3,,,,,,,
Site,Exit-10,RD_E10_SAA-1,SAADAH-1,,,,,,,
Site,Exit-10,RD_E10_SAA-2,SAADAH-2,,,,,,,
Site,Exit-10,RD_E10_SUL-1,SULAY-1,,,,,,,
Site,Exit-10,RD_E10_SUL-4,SULAY-4,,,,,,,
Site,Exit-10,RD_E10_HZ5PL7,HZ5-DMZ-PL7,,,,,,,
Site,Exit-10,RD_E10_NAZ10A,NAZ-DMZ-PL10A,,,,,,,
Site,Exit-10,RD_E10_NAZ5A,NAZ-DMZ-PL5A,,,,,,,
Site,Exit-10,RD_E10_NAZ6A,NAZ-DMZ-PL6A,,,,,,,
Site,Exit-10,RD_E10_NAZ8A,NAZ-DMZ-PL8A,,,,,,,
Site,Exit-10,RD_E10_HZ5L1,HZ5-DMZ-PL1,,,,,,,
Site,Exit-10,RD_E10_NAZ1A,NAZ-DMZ-PL1A,,,,,,,
Site,Exit-10,RD_E10_NAZL22,NAZ-DMZ-PL22,,,,,,,
Site,Exit-10,RD_E10_NAS-14,NASIM GHARBI (W)-14,,,,,,,
Site,Exit-10,RD_E10_NAS-8,NASIM GHARBI (W)-8,,,,,,,
Site,Exit-10,RD_E10_NAS-10,NASIM GHARBI (W)-10,,,,,,,
Site,Exit-10,RD_E10_NAS-7,NASIM GHARBI (W)-7,,,,,,,
Site,Exit-10,RD_E10_NAS-9,NASIM GHARBI (W)-9,,,,,,,
Site,Exit-10,RD_E10_NAS-11,NASIM GHARBI (W)-11,,,,,,,
Site,Exit-10,RD_E10_NAZ14,NAZ-DMZ-PL14,,,,,,,
Site,Exit-10,RD_E10_NazM4,Naz-PZC-FLM4,,,,,,,
Site,Exit-10,RD_E10_NAS-4,NASIM SHARQI (E)-4,,,,,,,
Site,Exit-10,RD_E10_NAS-6,NASIM SHARQI (E)-6,,,,,,,
Site,Exit-10,RD_E10_NAS-2,NASIM SHARQI (E)-2,,,,,,,
Site,Exit-10,RD_E10_NAS15,NASIM SHARQI (E)-15,,,,,,,
Site,Exit-10,RD_E10_NAS-16,NASIM SHARQI (E)-16,,,,,,,
Site,Exit-10,RD_E10_PRV-17,PRV-NASIM SHARQI (E)-17,,,,,,,
Site,Exit-10,RD_E10_NAZ15A,NAZ-DMZ-PL15A,,,,,,,
Site,Exit-10,RD_E10_MAN-2,MANAR-2,,,,,,,
Site,Exit-10,RD_E10_MAN-4,MANAR-4,,,,,,,
Site,Exit-10,RD_E10_NAZ12,NAZ-DMZ-PL12,,,,,,,
Site,Exit-10,RD_E10_SAL-4,SALAM-4,,,,,,,
Site,Exit-10,RD_E10_SAL-3,SALAM-3,,,,,,,
Site,Exit-10,RD_E10_SAL-1,SALAM-1,,,,,,,
Site,Exit-10,RD_E10_HZ5L5,HZ5-DMZ-PL5,,,,,,,
Site,Exit-10,RD_E10_HZ5L6,HZ5-DMZ-PL6,,,,,,,
Site,Exit-10,RD_E10_NAZ1A,NAZ-DMZ-PL11A,,,,,,,
Site,Exit-10,RD_E10_RAW-3,RAWABI-3,,,,,,,
Site,Exit-10,RD_E10_RAY-2,RAYYAN-2,,,,,,,
Site,Exit-10,RD_E10_RAY-4,RAYYAN-4,,,,,,,
Site,Exit-10,RD_E10_HZ1L3,HZ1-DMZ-PL3,,,,,,,
Site,Exit-10,RD_E10_NAZ3A,NAZ-DMZ-PL13A,,,,,,,
Site,Exit-10,RD_E10_RAY-1,RAYYAN-1,,,,,,,
Site,Exit-10,RD_E10_RAY-3,RAYYAN-3,,,,,,,
Site,Exit-10,RD_E10_BIR-6,BIRRIYYAH-6,,,,,,,
Site,Exit-10,RD_E10_BIR-7,BIRRIYYAH-7,,,,,,,
Site,Exit-10,RD_E10_BIR-8,BIRRIYYAH-8,,,,,,,
Site,Exit-10,RD_E10_NAD-1,NADWAH-1,,,,,,,
Site,Exit-10,RD_E10_NAZ-1,NAZIM-1,,,,,,,
Site,Exit-10,RD_E10_NAZ-2,NAZIM-2,,,,,,,
Site,Exit-10,RD_E10_NAZ-3,NAZIM-3,,,,,,,
Site,Exit-10,RD_E10_NAZ-4,NAZIM-4,,,,,,,
Site,Exit-10,RD_E10_JAN-2,JANADRIYYAH-2,,,,,,,
Site,Exit-10,RD_E10_PRV-5,PRV-JANADRIYYAH-5,,,,,,,
Site,Exit-10,RD_E10_JAN-3,JANADRIYYAH-3,,,,,,,
Site,Exit-10,RD_E10_JAN-4,JANADRIYYAH-4,,,,,,,
Site,Exit-10,RD_E10_PRV-7,PRV-JANADRIYYAH-7,,,,,,,
Site,Exit-10,RD_E10_PRV-6,PRV-JANADRIYYAH-6,,,,,,,
Site,Exit-10,RD_E10_JAN-1,JANADRIYYAH-1,,,,,,,
Site,Exit-10,RD_E10_IRQ-2,IRQAH-2,,,,,,,
Site,Exit-10,RD_E10_IRQ-3,IRQAH-3,,,,,,,
Site,Exit-10,RD_E10_IRQ-4,IRQAH-4,,,,,,,
Site,Exit-10,RD_E10_IRQ-5,IRQAH-5,,,,,,,
Site,Exit-10,RD_E10_IRQ-6,IRQAH-6,,,,,,,
Site,Exit-10,RD_E10_IRQ-7,IRQAH-7,,,,,,,
Site,Exit-10,RD_E10_IRQ-8,IRQAH-8,,,,,,,
Site,Exit-10,RD_E10_IRQM1,IRQ-DMZ-FLM1,,,,,,,
Site,Exit-10,RD_E10_IRQM2,IRQ-DMZ-FLM2,,,,,,,
Site,Exit-10,RD_E10_IRQM3,IRQ-DMZ-FLM3,,,,,,,
Site,Exit-10,RD_E10_IRQM4,IRQ-DMZ-FLM4,,,,,,,
Site,Exit-10,RD_E10_IRQM5,IRQ-DMZ-FLM5,,,,,,,
Site,Exit-10,RD_E10_IRQM3,IRQ-MAL-FLM3,,,,,,,
Site,Exit-10,RD_E10_DIR-4,DIRIYAH-4,,,,,,,
Site,Exit-10,RD_E10_DIR-1,DIRIYAH-1,,,,,,,
Site,Exit-10,RD_E10_DIR-2,DIRIYAH-2,,,,,,,
Site,Exit-10,RD_E10_DIR-3,DIRIYAH-3,,,,,,,
Site,Exit-10,RD_E10_DIR-5,DIRIYAH-5,,,,,,,
Site,Exit-10,RD_E10_KHU-3,KHUZAMA-3,,,,,,,
Site,Exit-10,RD_E10_KHU-1,KHUZAMA-1,,,,,,,
Site,Exit-10,RD_E10_KHU-4,KHUZAMA-4,,,,,,,
Site,Exit-10,RD_E10_KHU-7,KHUZAMA-7,,,,,,,
Site,Exit-10,RD_E10_RAE-2,RAED-2,,,,,,,
Site,Exit-10,RD_E10_DIZL1,DIZ-DMZ-PL1,,,,,,,
Site,Exit-10,RD_E10_AQI-2,AQIQ-2,,,,,,,
Site,Exit-10,RD_E10_AQI-1,AQIQ-1,,,,,,,
Site,Exit-10,RD_E10_AQI-3,AQIQ-3,,,,,,,
Site,Exit-10,RD_E10_AQI-4,AQIQ-4,,,,,,,
Site,Exit-10,RD_E10_QIR-1,QIRAWAN-1,,,,,,,
Site,Exit-10,RD_E10_QIR-2,QIRAWAN-2,,,,,,,
Site,Exit-10,RD_E10_QIR-3,QIRAWAN-3,,,,,,,
Site,Exit-10,RD_E10_YAL1A,YAL-DMZ-PL11A,,,,,,,
Site,Exit-10,RD_E10_MAL-5,MALQA-5,,,,,,,
Site,Exit-10,RD_E10_MAL-2,MALQA-2,,,,,,,
Site,Exit-10,RD_E10_MAL-4,MALQA-4,,,,,,,
Site,Exit-10,RD_E10_MAL-8,MALQA-8,,,,,,,
Site,Exit-10,RD_E10_MAL-6,MALQA-6,,,,,,,
Site,Exit-10,RD_E10_MAL-7,MALQA-7,,,,,,,
Site,Exit-10,RD_E10_YAL4A,YAL-DMZ-PL14A,,,,,,,
Site,Exit-10,RD_E10_YAL15,YAL-DMZ-PL15,,,,,,,
Site,Exit-10,RD_E10_YAL6A,YAL-DMZ-PL16A,,,,,,,
Site,Exit-10,RD_E10_YAL2A,YAL-DMZ-PL22A,,,,,,,
Site,Exit-10,RD_E10_YAL3A,YAL-DMZ-PL23A,,,,,,,
Site,Exit-10,RD_E10_YAL4A,YAL-DMZ-PL24A,,,,,,,
Site,Exit-10,RD_E10_HIT-3,HITTIN-3,,,,,,,
Site,Exit-10,RD_E10_HIT-1,HITTIN-1,,,,,,,
Site,Exit-10,RD_E10_HIT-2,HITTIN-2,,,,,,,
Site,Exit-10,RD_E10_HIT-5,HITTIN-5,,,,,,,
Site,Exit-10,RD_E10_HIT-4,HITTIN-4,,,,,,,
Site,Exit-10,RD_E10_HIT-6,HITTIN-6,,,,,,,
Site,Exit-10,RD_E10_HIT-7,HITTIN-7,,,,,,,
Site,Exit-10,RD_E10_HIT-8,HITTIN-8,,,,,,,
Site,Exit-10,RD_E10_UNI2,UNI-DMZ-PL2,,,,,,,
Site,Exit-10,RD_E10_SAH-2,SAHAFAH-2,,,,,,,
Site,Exit-10,RD_E10_SAH-8,SAHAFAH-8,,,,,,,
Site,Exit-10,RD_E10_SAH-3,SAHAFAH-3,,,,,,,
Site,Exit-10,RD_E10_SAH-4,SAHAFAH-4,,,,,,,
Site,Exit-10,RD_E10_YAL1A,YAL-DMZ-PL21A,,,,,,,
Site,Exit-10,RD_E10_GHA-3,GHADIR-3,,,,,,,
Site,Exit-10,RD_E10_GHA-2,GHADIR-2,,,,,,,
Site,Exit-10,RD_E10_GHA-1,GHADIR-1,,,,,,,
Site,Exit-10,RD_E10_GHA-4,GHADIR-4,,,,,,,
Site,Exit-10,RD_E10_MUR-2,MURUJ-2,,,,,,,
Site,Exit-10,RD_E10_MUR-1,MURUJ-1,,,,,,,
Site,Exit-10,RD_E10_MUR-4,MURUJ-4,,,,,,,
Site,Exit-10,RD_E10_PRV-5,PRV-MURUJ-5,,,,,,,
Site,Exit-10,RD_E10_PRV-6,PRV-MURUJ-6,,,,,,,
Site,Exit-10,RD_E10_PRV-7,PRV-MURUJ-7,,,,,,,
Site,Exit-10,RD_E10_HZ3L4,HZ3-DMZ-PL4,,,,,,,
Site,Exit-10,RD_E10_HZ1M1,HZ1-PZC-FLM1,,,,,,,
Site,Exit-10,RD_E10_KIN-1,KING FAHD-1,,,,,,,
Site,Exit-10,RD_E10_KIN-2,KING FAHD-2,,,,,,,
Site,Exit-10,RD_E10_KIN-3,KING FAHD-3,,,,,,,
Site,Exit-10,RD_E10_KIN-4,KING FAHD-4,,,,,,,
Site,Exit-10,RD_E10_KIN-5,KING FAHD-5,,,,,,,
Site,Exit-10,RD_E10_KIN-6,KING FAHD-6,,,,,,,
Site,Exit-10,RD_E10_KIN-7,KING FAHD-7,,,,,,,
Site,Exit-10,RD_E10_KIN-8,KING FAHD-8,,,,,,,
Site,Exit-10,RD_E10_KIN-9,KING FAHD-9,,,,,,,
Site,Exit-10,RD_E10_NAK-2,NAKHEEL-2,,,,,,,
Site,Exit-10,RD_E10_NAK-5,NAKHEEL-5,,,,,,,
Site,Exit-10,RD_E10_NAK-7,NAKHEEL-7,,,,,,,
Site,Exit-10,RD_E10_NAK-6,NAKHEEL-6,,,,,,,
Site,Exit-10,RD_E10_RAH-3,RAHMANIYYAH-3,,,,,,,
Site,Exit-10,RD_E10_RAH-4,RAHMANIYYAH-4,,,,,,,
Site,Exit-10,RD_E10_RAH-5,RAHMANIYYAH-5,,,,,,,
Site,Exit-10,RD_E10_MOH-6,MOHAMMADIYYAH-6,,,,,,,
Site,Exit-10,RD_E10_MOH-1,MOHAMMADIYYAH-1,,,,,,,
Site,Exit-10,RD_E10_MOH-5,MOHAMMADIYYAH-5,,,,,,,
Site,Exit-10,RD_E10_MOH-7,MOHAMMADIYYAH-7,,,,,,,
Site,Exit-10,RD_E10_MOH-8,MOHAMMADIYYAH-8,,,,,,,
Site,Exit-10,RD_E10_MOH-9,MOHAMMADIYYAH-9,,,,,,,
Site,Exit-10,RD_E10_MOH-10,MOHAMMADIYYAH-10,,,,,,,
Site,Exit-10,RD_E10_MOH-11,MOHAMMADIYYAH-11,,,,,,,
Site,Exit-10,RD_E10_MOH-12,MOHAMMADIYYAH-12,,,,,,,
Site,Exit-10,RD_E10_MOH-13,MOHAMMADIYYAH-13,,,,,,,
Site,Exit-10,RD_E10_MOH-14,MOHAMMADIYYAH-14,,,,,,,
Site,Exit-10,RD_E10_MOH-15,MOHAMMADIYYAH-15,,,,,,,
Site,Exit-10,RD_E10_MAS-2,MASEEF-2,,,,,,,
Site,Exit-10,RD_E10_MAS-3,MASEEF-3,,,,,,,
Site,Exit-10,RD_E10_MAS-4,MASEEF-4,,,,,,,
Site,Exit-10,RD_E10_PRV-6,PRV-MASEEF-6,,,,,,,
Site,Exit-10,RD_E10_PRV-7,PRV-MASEEF-7,,,,,,,
Site,Exit-10,RD_E10_MAS-5,MASEEF-5,,,,,,,
Site,Exit-10,RD_E10_HZ3L6,HZ3-DMZ-PL6,,,,,,,
Site,Exit-10,RD_E10_MUR-4,MURSALAT-4,,,,,,,
Site,Exit-10,RD_E10_MUR-2,MURSALAT-2,,,,,,,
Site,Exit-10,RD_E10_MUR-1,MURSALAT-1,,,,,,,
Site,Exit-10,RD_E10_MUR-3,MURSALAT-3,,,,,,,
Site,Exit-10,RD_E10_MUR-5,MURSALAT-5,,,,,,,
Site,Exit-10,RD_E10_MUR-6,MURSALAT-6,,,,,,,
Site,Exit-10,RD_E10_MUR-7,MURSALAT-7,,,,,,,
Site,Exit-10,RD_E10_MUR-8,MURSALAT-8,,,,,,,
Site,Exit-10,RD_E10_MUR-9,MURSALAT-9,,,,,,,
Site,Exit-10,RD_E10_SAL-1,SALAHUDDIN-1,,,,,,,
Site,Exit-10,RD_E10_SAL-2,SALAHUDDIN-2,,,,,,,
Site,Exit-10,RD_E10_SAL-3,SALAHUDDIN-3,,,,,,,
Site,Exit-10,RD_E10_SAL-5,SALAHUDDIN-5,,,,,,,
Site,Exit-10,RD_E10_WUR-3,WURUD-3,,,,,,,
Site,Exit-10,RD_E10_WUR-4,WURUD-4,,,,,,,
Site,Exit-10,RD_E10_WUR-6,WURUD-6,,,,,,,
Site,Exit-10,RD_E10_WUR-5,WURUD-5,,,,,,,
Site,Exit-10,RD_E10_WUR-9,WURUD-9,,,,,,,
Site,Exit-10,RD_E10_WUR-10,WURUD-10,,,,,,,
Site,Exit-10,RD_E10_WUR-11,WURUD-11,,,,,,,
Site,Exit-10,RD_E10_WUR-12,WURUD-12,,,,,,,
Site,Exit-10,RD_E10_WUR-13,WURUD-13,,,,,,,
Site,Exit-10,RD_E10_WUR-14,WURUD-14,,,,,,,
Site,Exit-10,RD_E10_TAA-2,TAAWUN-2,,,,,,,
Site,Exit-10,RD_E10_TAA-3,TAAWUN-3,,,,,,,
Site,Exit-10,RD_E10_TAA-1,TAAWUN-1,,,,,,,
Site,Exit-10,RD_E10_TAA-4,TAAWUN-4,,,,,,,
Site,Exit-10,RD_E10_NUZ-2,NUZHAH-2,,,,,,,
Site,Exit-10,RD_E10_NUZ-1,NUZHAH-1,,,,,,,
Site,Exit-10,RD_E10_NUZ-3,NUZHAH-3,,,,,,,
Site,Exit-10,RD_E10_NUZ-5,NUZHAH-5,,,,,,,
Site,Exit-10,RD_E10_NUZ-6,NUZHAH-6,,,,,,,
Site,Exit-10,RD_E10_WAH-1,WAHAH-1,,,,,,,
Site,Exit-10,RD_E10_WAH-2,WAHAH-2,,,,,,,
Site,Exit-10,RD_E10_WAH-4,WAHAH-4,,,,,,,
Site,Exit-10,RD_E10_WAH-5,WAHAH-5,,,,,,,
Site,Exit-10,RD_E10_HZ3L1,HZ3-DMZ-PL1,,,,,,,
Site,Exit-10,RD_E10_IZD-1,IZDIHAR-1,,,,,,,
Site,Exit-10,RD_E10_IZD-2,IZDIHAR-2,,,,,,,
Site,Exit-10,RD_E10_IZD-3,IZDIHAR-3,,,,,,,
Site,Exit-10,RD_E10_IZD-4,IZDIHAR-4,,,,,,,
Site,Exit-10,RD_E10_IZD-5,IZDIHAR-5,,,,,,,
Site,Exit-10,RD_E10_MUG-2,MUGHRIZAT-2,,,,,,,
Site,Exit-10,RD_E10_MUG-1,MUGHRIZAT-1,,,,,,,
Site,Exit-10,RD_E10_MUG-3,MUGHRIZAT-3,,,,,,,
Site,Exit-10,RD_E10_HZ33A,HZ3-DMZ-PL3A,,,,,,,
Site,Exit-10,RD_E10_HZ2M1,HZ2-PZC-FLM1,,,,,,,
Site,Exit-10,RD_E10_RAB-1,RABI-1,,,,,,,
Site,Exit-10,RD_E10_RAB-3,RABI-3,,,,,,,
Site,Exit-10,RD_E10_RAB-4,RABI-4,,,,,,,
Site,Exit-10,RD_E10_RAB-5,RABI-5,,,,,,,
Site,Exit-10,RD_E10_RAB-6,RABI-6,,,,,,,
Site,Exit-10,RD_E10_NAF-1,NAFAL-1,,,,,,,
Site,Exit-10,RD_E10_NAF-3,NAFAL-3,,,,,,,
Site,Exit-10,RD_E10_NAF-2,NAFAL-2,,,,,,,
Site,Exit-10,RD_E10_NAD-2,NADA-2,,,,,,,
Site,Exit-10,RD_E10_NAD-1,NADA-1,,,,,,,
Site,Exit-10,RD_E10_NAD-3,NADA-3,,,,,,,
Site,Exit-10,RD_E10_WAD-1,WADI-1,,,,,,,
Site,Exit-10,RD_E10_WAD-2,WADI-2,,,,,,,
Site,Exit-10,RD_E10_WAD-4,WADI-4,,,,,,,
Site,Exit-10,RD_E10_WAD-5,WADI-5,,,,,,,
Site,Exit-10,RD_E10_FAL-1,FALAH-1,,,,,,,
Site,Exit-10,RD_E10_FAL-3,FALAH-3,,,,,,,
Site,Exit-10,RD_E10_FAL-2,FALAH-2,,,,,,,
Site,Exit-10,RD_E10_FAL-4,FALAH-4,,,,,,,
Site,Exit-10,RD_E10_AAR-2,AARID-2,,,,,,,
Site,Exit-10,RD_E10_AAR-3,AARID-3,,,,,,,
Site,Exit-10,RD_E10_AAR-4,AARID-4,,,,,,,
Site,Exit-10,RD_E10_YAL3A,YAL-DMZ-PL3A,,,,,,,
Site,Exit-10,RD_E10_YALL4,YAL-DMZ-PL4,,,,,,,
Site,Exit-10,RD_E10_YAL8A,YAL-DMZ-PL8A,,,,,,,
Site,Exit-10,RD_E10_YAL9A,YAL-DMZ-PL9A,,,,,,,
Site,Exit-10,RD_E10_NAR-1,NARJIS-1,,,,,,,
Site,Exit-10,RD_E10_NAR-2,NARJIS-2,,,,,,,
Site,Exit-10,RD_E10_NAR-3,NARJIS-3,,,,,,,
Site,Exit-10,RD_E10_NAR-4,NARJIS-4,,,,,,,
Site,Exit-10,RD_E10_NAR-5,NARJIS-5,,,,,,,
Site,Exit-10,RD_E10_NAR-6,NARJIS-6,,,,,,,
Site,Exit-10,RD_E10_YAL5A,YAL-DMZ-PL5A,,,,,,,
Site,Exit-10,RD_E10_ABB-1,ABB-FM_NARJIS-1,,,,,,,
Site,Exit-10,RD_E10_YAS-1,YASMIN-1,,,,,,,
Site,Exit-10,RD_E10_YAS-3,YASMIN-3,,,,,,,
Site,Exit-10,RD_E10_YAS-4,YASMIN-4,,,,,,,
Site,Exit-10,RD_E10_YAS-5,YASMIN-5,,,,,,,
Site,Exit-10,RD_E10_YAL0A,YAL-DMZ-PL20A,,,,,,,
Site,Exit-10,RD_E10_PNU-1,PNU-1,,,,,,,
Site,Exit-10,RD_E10_PRV-1,PRV-TGNW-1,,,,,,,
Site,Exit-10,RD_E10_PRV-2,PRV-TGNW-2,,,,,,,
Site,Exit-10,RD_E10_SUW-7,SUWAIDI-7,,,,,,,
Site,Exit-10,RD_E10_SUW-8,SUWAIDI-8,,,,,,,
Site,Exit-10,RD_E10_SUW-9,SUWAIDI-9,,,,,,,
Site,Exit-10,RD_E10_SUW-10,SUWAIDI-10,,,,,,,
Site,Exit-10,RD_E10_SUW-11,SUWAIDI-11,,,,,,,
Site,Exit-10,RD_E10_SUW-12,SUWAIDI-12,,,,,,,
Site,Exit-10,RD_E10_SUW-14,SUWAIDI-14,,,,,,,
Site,Exit-10,RD_E10_PRV-15,PRV-SUWAIDI-15,,,,,,,
Site,Exit-10,RD_E10_SHU-1,SHUBRA-1,,,,,,,
Site,Exit-10,RD_E10_SW3L1,SW3-DMZ-PL1,,,,,,,
Site,Exit-10,RD_E10_SUL-2,SULTANAH-2,,,,,,,
Site,Exit-10,RD_E10_AL -1,AL DURAIHIMIYAH-1,,,,,,,
Site,Exit-10,RD_E10_ZAH-5,ZAHRAH-5,,,,,,,
Site,Exit-10,RD_E10_TULL1,TUL-DMZ-PL1,,,,,,,
Site,Exit-10,RD_E10_TUW-7,TUWAIQ-7,,,,,,,
Site,Exit-10,RD_E10_TUW-10,TUWAIQ-10,,,,,,,
Site,Exit-10,RD_E10_TUW-11,TUWAIQ-11,,,,,,,
Site,Exit-10,RD_E10_TUW-12,TUWAIQ-12,,,,,,,
Site,Exit-10,RD_E10_TUW-13,TUWAIQ-13,,,,,,,
Site,Exit-10,RD_E10_TUW-14,TUWAIQ-14,,,,,,,
Site,Exit-10,RD_E10_PRV-15,PRV-TUWAIQ-15,,,,,,,
Site,Exit-10,RD_E10_URA-1,URAIJA-1,,,,,,,
Site,Exit-10,RD_E10_URA-2,URAIJA-2,,,,,,,
Site,Exit-10,RD_E10_URA-4,URAIJA-4,,,,,,,
Site,Exit-10,RD_E10_URA-5,URAIJA-5,,,,,,,
Site,Exit-10,RD_E10_URA-7,URAIJA-7,,,,,,,
Site,Exit-10,RD_E10_URA-8,URAIJA-8,,,,,,,
Site,Exit-10,RD_E10_URA-9,URAIJA-9,,,,,,,
Site,Exit-10,RD_E10_TL1L1,TL1-DMZ-PL1,,,,,,,
Site,Exit-10,RD_E10_TL1L5,TL1-DMZ-PL5,,,,,,,
Site,Exit-10,RD_E10_DHA-4,DHAHRAT AL BADIAH-4,,,,,,,
Site,Exit-10,RD_E10_DHA-3,DHAHRAT AL BADIAH-3,,,,,,,
Site,Exit-10,RD_E10_DHA-6,DHAHRAT AL BADIAH-6,,,,,,,
Site,Exit-10,RD_E10_DHA-5,DHAHRAT AL BADIAH-5,,,,,,,
Site,Exit-10,RD_E10_PRV-7,PRV-DHAHRAT AL BADIAH-7,,,,,,,
Site,Exit-10,RD_E10_TULL2,TUL-DMZ-PL2,,,,,,,
Site,Exit-10,RD_E10_DHA-1,DHAHRAT LABAN-1,,,,,,,
Site,Exit-10,RD_E10_DHA-2,DHAHRAT LABAN-2,,,,,,,
Site,Exit-10,RD_E10_DHA-3,DHAHRAT LABAN-3,,,,,,,
Site,Exit-10,RD_E10_DHA-4,DHAHRAT LABAN-4,,,,,,,
Site,Exit-10,RD_E10_DHA-5,DHAHRAT LABAN-5,,,,,,,
Site,Exit-10,RD_E10_DHA-6,DHAHRAT LABAN-6,,,,,,,
Site,Exit-10,RD_E10_DHA-7,DHAHRAT LABAN-7,,,,,,,
Site,Exit-10,RD_E10_DHA-8,DHAHRAT LABAN-8,,,,,,,
Site,Exit-10,RD_E10_DHA-10,DHAHRAT LABAN-10,,,,,,,
Site,Exit-10,RD_E10_DHA-11,DHAHRAT LABAN-11,,,,,,,
Site,Exit-10,RD_E10_DHA-12,DHAHRAT LABAN-12,,,,,,,
Site,Exit-10,RD_E10_DHA-13,DHAHRAT LABAN-13,,,,,,,
Site,Exit-10,RD_E10_LAB-1,LABAN-1,,,,,,,
Site,Exit-10,RD_E10_LAB-2,LABAN-2,,,,,,,
Site,Exit-10,RD_E10_QUR-4,QURTUBAH-4,,,,,,,
Site,Exit-10,RD_E10_QUR-3,QURTUBAH-3,,,,,,,
Site,Exit-10,RD_E10_QUR-1,QURTUBAH-1,,,,,,,
Site,Exit-10,RD_E10_QUR-2,QURTUBAH-2,,,,,,,
Site,Exit-10,RD_E10_HZ1L5,HZ1-DMZ-PL5,,,,,,,
Site,Exit-10,RD_E10_MUN-2,MUNSIYAH-2,,,,,,,
Site,Exit-10,RD_E10_MUN-1,MUNSIYAH-1,,,,,,,
Site,Exit-10,RD_E10_MUN-3,MUNSIYAH-3,,,,,,,
Site,Exit-10,RD_E10_PRV-4,PRV-MUNSIYAH-4,,,,,,,
Site,Exit-10,RD_E10_EZ17A,EZ1-DMZ-PL7A,,,,,,,
Site,Exit-10,RD_E10_GHI-2,GHIRNATAH-2,,,,,,,
Site,Exit-10,RD_E10_GHI-5,GHIRNATAH-5,,,,,,,
Site,Exit-10,RD_E10_SHU-2,SHUHADA-2,,,,,,,
Site,Exit-10,RD_E10_KIN-2,KING FAISAL-2,,,,,,,
Site,Exit-10,RD_E10_KIN-1,KING FAISAL-1,,,,,,,
Site,Exit-10,RD_E10_KIN-3,KING FAISAL-3,,,,,,,
Site,Exit-10,RD_E10_PRV-5,PRV-KING FAISAL-5,,,,,,,
Site,Exit-10,RD_E10_PRV-6,PRV-KING FAISAL-6,,,,,,,
Site,Exit-10,RD_E10_HZ17A,HZ1-DMZ-PL7A,,,,,,,
Site,Exit-10,RD_E10_HAM-1,HAMRA-1,,,,,,,
Site,Exit-10,RD_E10_HAM-2,HAMRA-2,,,,,,,
Site,Exit-10,RD_E10_HAM-6,HAMRA-6,,,,,,,
Site,Exit-10,RD_E10_HAM-7,HAMRA-7,,,,,,,
Site,Exit-10,RD_E10_HAM-8,HAMRA-8,,,,,,,
Site,Exit-10,RD_E10_PRV-9,PRV-HAMRA-9,,,,,,,
Site,Exit-10,RD_E10_ISH-2,ISHBILIYAH-2,,,,,,,
Site,Exit-10,RD_E10_ISH-4,ISHBILIYAH-4,,,,,,,
Site,Exit-10,RD_E10_ISH-3,ISHBILIYAH-3,,,,,,,
Site,Exit-10,RD_E10_EZ14A,EZ1-DMZ-PL4A,,,,,,,
Site,Exit-10,RD_E10_YAR-2,YARMUK-2,,,,,,,
Site,Exit-10,RD_E10_YAR-1,YARMUK-1,,,,,,,
Site,Exit-10,RD_E10_YAR-3,YARMUK-3,,,,,,,
Site,Exit-10,RD_E10_YAR-8,YARMUK-8,,,,,,,
Site,Exit-10,RD_E10_EZ18A,EZ1-DMZ-PL8A,,,,,,,
Site,Exit-10,RD_E10_QUD-4,QUDS-4,,,,,,,
Site,Exit-10,RD_E10_QUD-2,QUDS-2,,,,,,,
Site,Exit-10,RD_E10_QUD-1,QUDS-1,,,,,,,
Site,Exit-10,RD_E10_QUD-6,QUDS-6,,,,,,,
Site,Exit-10,RD_E10_AND-1,ANDALUS-1,,,,,,,
Site,Exit-10,RD_E10_AND-2,ANDALUS-2,,,,,,,
Site,Exit-10,RD_E10_AND-3,ANDALUS-3,,,,,,,
Site,Exit-10,RD_E10_AND-5,ANDALUS-5,,,,,,,
Site,Exit-10,RD_E10_RAW-1,RAWDAH-1,,,,,,,
Site,Exit-10,RD_E10_RAW-4,RAWDAH-4,,,,,,,
Site,Exit-10,RD_E10_KHA-3,KHALEEJ-3,,,,,,,
Site,Exit-10,RD_E10_KHA-1,KHALEEJ-1,,,,,,,
Site,Exit-10,RD_E10_KHA-5,KHALEEJ-5,,,,,,,
Site,Exit-10,RD_E10_KHA-2,KHALEEJ-2,,,,,,,
Site,Exit-10,RD_E10_KHA-4,KHALEEJ-4,,,,,,,
Site,Exit-10,RD_E10_NAH-2,NAHDAH-2,,,,,,,
Site,Exit-10,RD_E10_NAH-4,NAHDAH-4,,,,,,,
Site,Exit-10,RD_E10_NAH-3,NAHDAH-3,,,,,,,
Site,Exit-10,RD_E10_NAH-1,NAHDAH-1,,,,,,,
Site,Exit-10,RD_E10_NAH-5,NAHDAH-5,,,,,,,
Site,Exit-10,RD_E10_NAH-6,NAHDAH-6,,,,,,,
Site,Exit-10,RD_E10_NAZ8A,NAZ-DMZ-PL18A,,,,,,,
Site,Exit-10,RD_E10_QAD-1,QADISIYYAH-1,,,,,,,
Site,Exit-10,RD_E10_QAD-4,QADISIYYAH-4,,,,,,,
Site,Exit-10,RD_E10_MAI-1,MAIZILAH-1,,,,,,,
Site,Exit-10,RD_E10_RIM-4,RIMAL -4,,,,,,,
Site,Exit-10,RD_E10_RIM-1,RIMAL -1,,,,,,,
Site,Exit-10,RD_E10_RIM-5,RIMAL -5,,,,,,,
Site,Exit-10,RD_E10_RIM-3,RIMAL -3,,,,,,,
Site,Exit-10,RD_E10_RIM-6,RIMAL-6,,,,,,,
Site,Exit-10,RD_E10_RIM-7,RIMAL -7,,,,,,,
Site,Exit-10,RD_E10_RIM-8,RIMAL -8,,,,,,,
Site,Exit-10,RD_E10_RIM10,RIMAL -10,,,,,,,
Site,Exit-10,RD_E10_EZ1L6,EZ1-DMZ-PL6,,,,,,,
Site,Exit-10,RD_E10_EZ1M4,EZ1-DMZ-FLM4,,,,,,,
Site,Exit-10,RD_E10_EZ1M5,EZ1-DMZ-FLM5,,,,,,,
Site,Manfouha WWTP,RD_MNF-STP_Saf,Safarat,,,,,,,
Site,Manfouha WWTP,RD_MNF-STP_Bla,Blancya,,,,,,,
Site,Manfouha WWTP,RD_MNF-STP_Khu,Khuzama 01 ,,,,,,,
Site,Manfouha WWTP,RD_MNF-STP_Khu,Khuzama 02,,,,,,,
Site,Manfouha WWTP,RD_MNF-STP_Aqi,Aqiq,,,,,,,
Site,Manfouha WWTP,RD_MNF-STP_Wah,Waha,,,,,,,
Site,Manfouha WWTP,RD_MNF-STP_Man,Manfouha,,,,,,,
Site,Manfouha WWTP,RD_MNF-STP_Sen,Sena'eiyah ,,,,,,,
Site,Manfouha WWTP,RD_MNF-STP_Bad-1,Badr-1,,,,,,,
Site,Manfouha WWTP,RD_MNF-STP_Bad-2,Badr-2,,,,,,,
Site,Manfouha WWTP,RD_MNF-STP_Wes01,West 01,,,,,,,
Site,Manfouha WWTP,RD_MNF-STP_Wes02,West 02,,,,,,,
Site,Manfouha WWTP,RD_MNF-STP_Wes03,West 03,,,,,,,
Site,Manfouha WWTP,RD_MNF-STP_Wes04,West 04,,,,,,,
Site,Manfouha WWTP,RD_MNF-STP_Wes05,West 05,,,,,,,
Site,Manfouha WWTP,RD_MNF-STP_Wes06,West 06,,,,,,,
Site,Manfouha WWTP,RD_MNF-STP_Wes07,West 07,,,,,,,
Site,Manfouha WWTP,RD_MNF-STP_Bad,Badiea,,,,,,,
Site,Manfouha WWTP,RD_MNF-STP_Taw,Tawaiq,,,,,,,
Site,Manfouha WWTP,RD_MNF-STP_LabB,Laban B,,,,,,,
Site,Manfouha WWTP,RD_MNF-STP_LabC,Laban C,,,,,,,
Site,Manfouha WWTP,RD_MNF-STP_LabE,Laban E,,,,,,,
Site,Manfouha WWTP,RD_MNF-STP_Qad,Qadisiyah,,,,,,,
Site,Manfouha WWTP,RD_MNF-STP_Yas,Yasmeen,,,,,,,
Site,Manfouha WWTP,RD_MNF-STP_Sal,Salam,,,,,,,
Site,Manfouha WWTP,RD_MNF-STP_Mas,Masane'a,,,,,,,
Site,Manfouha WWTP,RD_MNF-STP_Man,Mansoura,,,,,,,
Site,Manfouha WWTP,RD_MNF-STP_Ham,Hamoud,,,,,,,
Site,Manfouha WWTP,RD_MNF-STP_Re',Re'yad,,,,,,,
Site,Manfouha WWTP,RD_MNF-STP_Fay,Faysaliah,,,,,,,
Site,Manfouha WWTP,RD_MNF-STP_Shi2 ,Shifa-2 ,,,,,,,
Site,Manfouha WWTP,RD_MNF-STP_Shi-1,Shifa-1,,,,,,,
Site,Manfouha WWTP,RD_MNF-STP_Irq,Irqa,,,,,,,
Site,Manfouha WWTP,RD_MNF-STP_Swe,Swedi,,,,,,,
Site,Manfouha WWTP,RD_MNF-STP_Yam,Yamamah,,,,,,,
Site,Manfouha WWTP,RD_MNF-STP_Ham,Hamza,,,,,,,
Site,Manfouha WWTP,RD_MNF-STP_Urj02,Urija 02,,,,,,,
Site,Manfouha WWTP,RD_MNF-STP_Urj03,Urija 03,,,,,,,
Site,Manfouha WWTP,RD_MNF-STP_Dlbn,Dahrat Laban,,,,,,,
Site,Manfouha WWTP,RD_MNF-STP_Ynba,Tawaiq (Yanba),,,,,,,
Site,Manfouha WWTP,RD_MNF-STP_Irg02,Irgah 02,,,,,,,
Site,Manfouha WWTP,RD_MNF-STP_Irg03,Irgah 03,,,,,,,
Site,Manfouha WWTP,RD_MNF-STP_Kin,King Abbdullah,,,,,,,
Site,Wasi WTP,RD_WAS-WTP_WEL101,WELL101,,,,,,,
Site,Wasi WTP,RD_WAS-WTP_WEL102,WELL102,,,,,,,
Site,Wasi WTP,RD_WAS-WTP_WEL103,WELL103,,,,,,,
Site,Wasi WTP,RD_WAS-WTP_WEL104,WELL104,,,,,,,
Site,Wasi WTP,RD_WAS-WTP_WEL105,WELL105,,,,,,,
Site,Wasi WTP,RD_WAS-WTP_WEL106,WELL106,,,,,,,
Site,Wasi WTP,RD_WAS-WTP_WEL107,WELL107,,,,,,,
Site,Wasi WTP,RD_WAS-WTP_WEL108,WELL108,,,,,,,
Site,Wasi WTP,RD_WAS-WTP_WEL109,WELL109,,,,,,,
Site,Wasi WTP,RD_WAS-WTP_WEL110,WELL110,,,,,,,
Site,Wasi WTP,RD_WAS-WTP_WEL111,WELL111,,,,,,,
Site,Wasi WTP,RD_WAS-WTP_WEL112,WELL112,,,,,,,
Site,Wasi WTP,RD_WAS-WTP_WEL113,WELL113,,,,,,,
Site,Wasi WTP,RD_WAS-WTP_WEL114,WELL114,,,,,,,
Site,Wasi WTP,RD_WAS-WTP_WEL115,WELL115,,,,,,,
Site,Wasi WTP,RD_WAS-WTP_WEL116,WELL116,,,,,,,
Site,Wasi WTP,RD_WAS-WTP_WEL201,WELL201,,,,,,,
Site,Wasi WTP,RD_WAS-WTP_WEL202,WELL202,,,,,,,
Site,Wasi WTP,RD_WAS-WTP_WEL203,WELL203,,,,,,,
Site,Wasi WTP,RD_WAS-WTP_WEL204,WELL204,,,,,,,
Site,Wasi WTP,RD_WAS-WTP_WEL205,WELL205,,,,,,,
Site,Wasi WTP,RD_WAS-WTP_WEL206,WELL206,,,,,,,
Site,Wasi WTP,RD_WAS-WTP_WEL207,WELL207,,,,,,,
Site,Wasi WTP,RD_WAS-WTP_WEL208,WELL208,,,,,,,
Site,Wasi WTP,RD_WAS-WTP_WEL209,WELL209,,,,,,,
Site,Wasi WTP,RD_WAS-WTP_WEL210,WELL210,,,,,,,
Site,Wasi WTP,RD_WAS-WTP_WEL211,WELL211,,,,,,,
Site,Wasi WTP,RD_WAS-WTP_WEL212,WELL212,,,,,,,
Site,Wasi WTP,RD_WAS-WTP_WEL213,WELL213,,,,,,,
Site,Wasi WTP,RD_WAS-WTP_WEL214,WELL214,,,,,,,
Site,Wasi WTP,RD_WAS-WTP_WEL215,WELL215,,,,,,,
Site,Wasi WTP,RD_WAS-WTP_WEL216,WELL216,,,,,,,
Site,Wasi WTP,RD_WAS-WTP_WEL301,WELL301,,,,,,,
Site,Wasi WTP,RD_WAS-WTP_WEL302,WELL302,,,,,,,
Site,Wasi WTP,RD_WAS-WTP_WEL303,WELL303,,,,,,,
Site,Wasi WTP,RD_WAS-WTP_WEL304,WELL304,,,,,,,
Site,Wasi WTP,RD_WAS-WTP_WEL305,WELL305,,,,,,,
Site,Wasi WTP,RD_WAS-WTP_WEL306,WELL306,,,,,,,
Site,Wasi WTP,RD_WAS-WTP_WEL307,WELL307,,,,,,,
Site,Wasi WTP,RD_WAS-WTP_WEL308,WELL308,,,,,,,
Site,Wasi WTP,RD_WAS-WTP_WEL309,WELL309,,,,,,,
Site,Wasi WTP,RD_WAS-WTP_WEL310,WELL310,,,,,,,
Site,Wasi WTP,RD_WAS-WTP_WEL311,WELL311,,,,,,,
Site,Wasi WTP,RD_WAS-WTP_WEL312,WELL312,,,,,,,
Site,Wasi WTP,RD_WAS-WTP_WEL313,WELL313,,,,,,,
Site,Wasi WTP,RD_WAS-WTP_WEL314,WELL314,,,,,,,
Site,Wasi WTP,RD_WAS-WTP_WEL316,WELL316,,,,,,,
Site,Wasi WTP,RD_WAS-WTP_WEL401,WELL401,,,,,,,
Site,Wasi WTP,RD_WAS-WTP_WEL402,WELL402,,,,,,,
Site,Wasi WTP,RD_WAS-WTP_WEL403,WELL403,,,,,,,
Site,Wasi WTP,RD_WAS-WTP_WEL404,WELL404,,,,,,,
Site,Wasi WTP,RD_WAS-WTP_WEL405,WELL405,,,,,,,
Site,Wasi WTP,RD_WAS-WTP_WEL406,WELL406,,,,,,,
Site,Wasi WTP,RD_WAS-WTP_WEL407,WELL407,,,,,,,
Site,Wasi WTP,RD_WAS-WTP_WEL408,WELL408,,,,,,,
Site,Wasi WTP,RD_WAS-WTP_WEL409,WELL409,,,,,,,
Site,Wasi WTP,RD_WAS-WTP_WEL410,WELL410,,,,,,,
Site,Wasi WTP,RD_WAS-WTP_WEL411,WELL411,,,,,,,
Site,Wasi WTP,RD_WAS-WTP_WEL412,WELL412,,,,,,,
Site,Wasi WTP,RD_WAS-WTP_WEL414,WELL414,,,,,,,
Site,Wasi WTP,RD_WAS-WTP_WEL415,WELL415,,,,,,,
Site,Manfouha WTP,RD_MNF-STP_BEA-1,BEAEJAH-1,,,,,,,
Site,Manfouha WTP,RD_MNF-STP_BEA-3,BEAEJAH-3,,,,,,,
Site,Manfouha WTP,RD_MNF-STP_HAY-9,HAYER-9,,,,,,,
Site,Manfouha WTP,RD_MNF-STP_HAY-10,HAYER-10,,,,,,,
Site,Manfouha WTP,RD_MNF-STP_HAY-12,HAYER-12,,,,,,,
Site,Shomacy WTP,RD_SHM-WTP_NIS-10,NISAH-10,,,,,,,
Site,Shomacy WTP,RD_SHM-WTP_NIS-100,NISAH-100,,,,,,,
Site,Shomacy WTP,RD_SHM-WTP_NIS-101,NISAH-101,,,,,,,
Site,Shomacy WTP,RD_SHM-WTP_NIS-13,NISAH-13,,,,,,,
Site,Shomacy WTP,RD_SHM-WTP_NIS-90,NISAH-90,,,,,,,
Site,Shomacy WTP,RD_SHM-WTP_NIS-91,NISAH-91,,,,,,,
Site,Shomacy WTP,RD_SHM-WTP_NIS-92,NISAH-92,,,,,,,
Site,Shomacy WTP,RD_SHM-WTP_NIS-93,NISAH-93,,,,,,,
Site,Shomacy WTP,RD_SHM-WTP_NIS-94,NISAH-94,,,,,,,
Site,Shomacy WTP,RD_SHM-WTP_NIS-95,NISAH-95,,,,,,,
Site,Shomacy WTP,RD_SHM-WTP_NIS-96,NISAH-96,,,,,,,
Site,Shomacy WTP,RD_SHM-WTP_NIS-97,NISAH-97,,,,,,,
Site,Shomacy WTP,RD_SHM-WTP_NIS-98,NISAH-98,,,,,,,
Site,Shomacy WTP,RD_SHM-WTP_NIS-99,NISAH-99,,,,,,,
Site,Shomacy WTP,RD_SHM-WTP_WEL101,WELL101,,,,,,,
Site,Manfouha WTP,RD_MNF-WTP_BEA-1,BEAEJAH-1,,,,,,,
Site,Manfouha WTP,RD_MNF-WTP_BEA-3,BEAEJAH-3,,,,,,,
Site,Manfouha WTP,RD_MNF-WTP_HAY-9,HAYER-9,,,,,,,
Site,Manfouha WTP,RD_MNF-WTP_HAY10,HAYER-10,,,,,,,
Site,Manfouha WTP,RD_MNF-WTP_HAY12,HAYER-12,,,,,,,
Site,Shomacy WTP,RD_SHM-WTP_NIS10,NISAH-10,,,,,,,
Site,Shomacy WTP,RD_SHM-WTP_NIS00,NISAH-100,,,,,,,
Site,Shomacy WTP,RD_SHM-WTP_NIS01,NISAH-101,,,,,,,
Site,Shomacy WTP,RD_SHM-WTP_NIS13,NISAH-13,,,,,,,
Site,Shomacy WTP,RD_SHM-WTP_NIS90,NISAH-90,,,,,,,
Site,Shomacy WTP,RD_SHM-WTP_NIS91,NISAH-91,,,,,,,
Site,Shomacy WTP,RD_SHM-WTP_NIS92,NISAH-92,,,,,,,
Site,Shomacy WTP,RD_SHM-WTP_NIS93,NISAH-93,,,,,,,
Site,Shomacy WTP,RD_SHM-WTP_NIS94,NISAH-94,,,,,,,
Site,Shomacy WTP,RD_SHM-WTP_NIS95,NISAH-95,,,,,,,
Site,Shomacy WTP,RD_SHM-WTP_NIS96,NISAH-96,,,,,,,
Site,Shomacy WTP,RD_SHM-WTP_NIS97,NISAH-97,,,,,,,
Site,Shomacy WTP,RD_SHM-WTP_NIS98,NISAH-98,,,,,,,
Site,Shomacy WTP,RD_SHM-WTP_NIS99,NISAH-99,,,,,,,
Site,Shomacy WTP,RD_SHM-WTP_WEL101,WELL101,,,,,,,
Site,Wasi WTP,RD_WAS-WTP_WEL416,WELL416,,,,,,,
Site,Bowaib WTP,RD_BWB-WTP_WEL01,Bowaib - Well 01,,,,,,,
Site,Bowaib WTP,RD_BWB-WTP_WEL02,Bowaib - Well 02,,,,,,,
Site,Bowaib WTP,RD_BWB-WTP_WEL03,Bowaib - Well 03,,,,,,,
Site,Bowaib WTP,RD_BWB-WTP_WEL04,Bowaib - Well 04,,,,,,,
Site,Bowaib WTP,RD_BWB-WTP_WEL05,Bowaib - Well 05,,,,,,,
Site,Bowaib WTP,RD_BWB-WTP_WEL06,Bowaib - Well 06,,,,,,,
Site,Bowaib WTP,RD_BWB-WTP_WEL07,Bowaib - Well 07,,,,,,,
Site,Bowaib WTP,RD_BWB-WTP_WEL08,Bowaib - Well 08,,,,,,,
Site,Bowaib WTP,RD_BWB-WTP_WEL09,Bowaib - Well 09,,,,,,,
Site,Bowaib WTP,RD_BWB-WTP_WEL10,Bowaib - Well 10,,,,,,,
Site,Bowaib WTP,RD_BWB-WTP_WEL38,Bowaib - Well 38,,,,,,,
Site,Bowaib WTP,RD_BWB-WTP_WEL39,Bowaib - Well 39,,,,,,,
Site,Bowaib WTP,RD_BWB-WTP_WEL41,Bowaib - Well 41,,,,,,,
Site,Bowaib WTP,RD_BWB-WTP_WEL43,Bowaib - Well 43,,,,,,,
Site,Bowaib WTP,RD_BWB-WTP_WEL44,Bowaib - Well 44,,,,,,,
Site,Bowaib WTP,RD_BWB-WTP_WEL45,Bowaib - Well 45,,,,,,,
Site,Bowaib WTP,RD_BWB-WTP_WEL49,Bowaib - Well 49,,,,,,,
Site,Bowaib WTP,RD_BWB-WTP_WEL54,Bowaib - Well 54,,,,,,,
Site,Bowaib WTP,RD_BWB-WTP_WEL55,Bowaib - Well 55,,,,,,,
Site,Bowaib WTP,RD_BWB-WTP_WEL57,Bowaib - Well 57,,,,,,,
Site,Bowaib WTP,RD_BWB-WTP_WEL62,Bowaib - Well 62,,,,,,,
Site,Bowaib WTP,RD_BWB-WTP_WEL63,Bowaib - Well 63,,,,,,,
Site,Bowaib WTP,RD_BWB-WTP_WEL11,Bowaib - Well 11,,,,,,,
Site,Bowaib WTP,RD_BWB-WTP_WEL12,Bowaib - Well 12,,,,,,,
Site,Bowaib WTP,RD_BWB-WTP_WEL13,Bowaib - Well 13,,,,,,,
Site,Bowaib WTP,RD_BWB-WTP_WEL14,Bowaib - Well 14,,,,,,,
Site,Bowaib WTP,RD_BWB-WTP_WEL40,Bowaib - Well 40,,,,,,,
Site,Bowaib WTP,RD_BWB-WTP_WEL50,Bowaib - Well 50,,,,,,,
Site,Exit-10,RD_E10_Bad1  ,Badeiaa 01  ,,,,,,,
Site,Exit-10,RD_E10_Bad2  ,Badeiaa 02  ,,,,,,,
Site,Exit-10,RD_E10_Bad 03,Badeiaa 03,,,,,,,
Site,Exit-10,RD_E10_Bad4  ,Badeiaa 04  ,,,,,,,
Site,Exit-10,RD_E10_Bad5  ,Badeiaa 05  ,,,,,,,
Site,Exit-10,RD_E10_Darw  ,Dareiya New  ,,,,,,,
Site,Exit-10,RD_E10_Dard  ,Dareiya Old  ,,,,,,,
Site,Exit-10,RD_E10_HPTHPT,HPT,,,,,,,
Site,Exit-10,RD_E10_Irq)  ,Irqa (SR 09)  ,,,,,,,
Site,Exit-10,RD_E10_Jamd  ,Jamea Old  ,,,,,,,
Site,Exit-10,RD_E10_Sahafa,Sahafa,,,,,,,
Site,Exit-10,RD_E10_Shi 01,Shifa 01,,,,,,,
Site,Exit-10,RD_E10_Shi 02,Shifa 02,,,,,,,
Site,Exit-10,RD_E10_Shi3  ,Shifa 03  ,,,,,,,
Site,Exit-10,RD_E10_Shi 04,Shifa 04,,,,,,,
Site,Exit-10,RD_E10_SR 7  ,SR 17  ,,,,,,,
Site,Exit-10,RD_E10_SR    ,SR 57   ,,,,,,,
Site,Exit-10,RD_E10_Swa01 ,Swaidy 01 ,,,,,,,
Site,Exit-10,RD_E10_Swa2  ,Swaidy 02  ,,,,,,,
Site,Exit-10,RD_E10_TGCC  ,TGC  ,,,,,,,
Site,Exit-10,RD_E10_TGNN  ,TGN  ,,,,,,,
Site,Exit-10,RD_E10_TGW)  ,TGW (SR 16)  ,,,,,,,
Site,Exit-10,RD_E10_Wadifa,Wadi Hanifa,,,,,,,
Site,Exit-10,RD_E10_Wadban,Wady Laban,,,,,,,
Site,Manfouha WTP,RD_MNF-WTP_BEA·2,BEAEJAH·2,,,,,,,
Site,Manfouha WTP,RD_MNF-WTP_DEK·l,DEKANAH·l,,,,,,,
Site,Manfouha WTP,RD_MNF-WTP_DEK·2,DEKANAH·2,,,,,,,
Site,Manfouha WTP,RD_MNF-WTP_DEK·3,DEKANAH·3,,,,,,,
Site,Manfouha WTP,RD_MNF-WTP_DEK-4,DEKANAH-4,,,,,,,
Site,Manfouha WTP,RD_MNF-WTP_HAY·5,HAYER·5,,,,,,,
Site,Manfouha WTP,RD_MNF-WTP_JAZ·l,JAZAH·l,,,,,,,
Site,Manfouha WTP,RD_MNF-WTP_JAZ-2,JAZAH-2,,,,,,,
Site,Manfouha WTP,RD_MNF-WTP_KHA l,KHARJ l,,,,,,,
Site,Manfouha WTP,RD_MNF-WTP_KHA 2,KHARJ 2,,,,,,,
Site,Manfouha WTP,RD_MNF-WTP_KHA-3,KHARJ-3,,,,,,,
Site,Manfouha WTP,RD_MNF-WTP_KHA-4,KHARJ-4,,,,,,,
Site,Manfouha WTP,RD_MNF-WTP_KHA 5,KHARJ 5,,,,,,,
Site,Manfouha WTP,RD_MNF-WTP_KHA-6,KHARJ-6,,,,,,,
Site,Manfouha WTP,RD_MNF-WTP_MANFl,MAN FOHA·Fl,,,,,,,
Site,Manfouha WTP,RD_MNF-WTP_MANIA,MANSOR IA,,,,,,,
Site,Manfouha WTP,RD_MNF-WTP_MASNE,MASANE,,,,,,,
Site,Manfouha WTP,RD_MNF-WTP_Al  4,Al HAYER AMEQAH 4,,,,,,,
Site,Manfouha WTP,RD_MNF-WTP_NIMDI,NIMAR ALWADI,,,,,,,
Site,Manfouha WTP,RD_MNF-WTP_SEWDI,SEWEDI,,,,,,,
Site,Salbukh WTP,RD_SLB-WTP_SS01,Salboukh - SS01,,,,,,,
Site,Salbukh WTP,RD_SLB-WTP_SS02,Salboukh - SS02,,,,,,,
Site,Salbukh WTP,RD_SLB-WTP_SS03,Salboukh - SS03,,,,,,,
Site,Salbukh WTP,RD_SLB-WTP_SS04,Salboukh - SS04,,,,,,,
Site,Salbukh WTP,RD_SLB-WTP_SS05,Salboukh - SS05,,,,,,,
Site,Salbukh WTP,RD_SLB-WTP_SS06,Salboukh - SS06,,,,,,,
Site,Salbukh WTP,RD_SLB-WTP_SS07,Salboukh - SS07,,,,,,,
Site,Salbukh WTP,RD_SLB-WTP_SS08,Salboukh - SS08,,,,,,,
Site,Salbukh WTP,RD_SLB-WTP_SS09,Salboukh - SS09,,,,,,,
Site,Salbukh WTP,RD_SLB-WTP_SS10,Salboukh - SS10,,,,,,,
Site,Salbukh WTP,RD_SLB-WTP_S#06,Salboukh - #06,,,,,,,
Site,Salbukh WTP,RD_SLB-WTP_S#07,Salboukh - #07,,,,,,,
Site,Salbukh WTP,RD_SLB-WTP_S#08,Salboukh - #08,,,,,,,
Site,Salbukh WTP,RD_SLB-WTP_S#09,Salboukh - #09,,,,,,,
Site,Salbukh WTP,RD_SLB-WTP_S#10,Salboukh - #10,,,,,,,
Site,Salbukh WTP,RD_SLB-WTP_S#11,Salboukh - #11,,,,,,,
Site,Salbukh WTP,RD_SLB-WTP_S#12,Salboukh - #12,,,,,,,
Site,Salbukh WTP,RD_SLB-WTP_S#13,Salboukh - #13,,,,,,,
Site,Salbukh WTP,RD_SLB-WTP_S#14,Salboukh - #14,,,,,,,
Site,Salbukh WTP,RD_SLB-WTP_S#15,Salboukh - #15,,,,,,,
Site,Salbukh WTP,RD_SLB-WTP_S#16,Salboukh - #16,,,,,,,
Site,Salbukh WTP,RD_SLB-WTP_S#17,Salboukh - #17,,,,,,,
Site,Salbukh WTP,RD_SLB-WTP_S#20,Salboukh - #20,,,,,,,
Site,Salbukh WTP,RD_SLB-WTP_S#21,Salboukh - #21,,,,,,,
Site,Salbukh WTP,RD_SLB-WTP_S#22,Salboukh - #22,,,,,,,
Site,Salbukh WTP,RD_SLB-WTP_S#23,Salboukh - #23,,,,,,,
Site,Salbukh WTP,RD_SLB-WTP_S#24,Salboukh - #24,,,,,,,
Site,Shomacy WTP,RD_SHM-WTP_NASREIH,NASREIH,,,,,,,
Site,Shomacy WTP,RD_SHM-WTP_ILAISHA,ILAISHA,,,,,,,
Site,Shomacy WTP,RD_SHM-WTP_HIJAZ-2,HIJAZ·2,,,,,,,
Site,Shomacy WTP,RD_SHM-WTP_HIJAZ1,HIJAZ-1,,,,,,,
Site,Shomacy WTP,RD_SHM-WTP_SALBOUKH-4,SALBOUKH-4,,,,,,,
Site,Shomacy WTP,RD_SHM-WTP_SALB0UKH  3,SALB0UKH  3,,,,,,,
Site,Shomacy WTP,RD_SHM-WTP_SALBOUKH-2,SALBOUKH-2,,,,,,,
Site,Shomacy WTP,RD_SHM-WTP_SALBOUKH·l,SALBOUKH·l,,,,,,,
Site,Shomacy WTP,RD_SHM-WTP_NIMAR GADIEH3,NIMAR GADIEH3,,,,,,,
Site,Shomacy WTP,RD_SHM-WTP_NIMAR GAOIEH l,NIMAR GAOIEH l,,,,,,,
Site,Shomacy WTP,RD_SHM-WTP_NIMAR GAOIEH2,NIMAR GAOIEH2,,,,,,,
Site,Shomacy WTP,RD_SHM-WTP_SALBOUKH -6,SALBOUKH -6,,,,,,,
